Reference;CodeBarre;Designation;Unite;PrixAchatHT;PrixVenteHT;TauxTVA;StockActuel;StockMinimum;Categorie;Actif
1;;losa 25*50 ghorghiz;qte;0,00;0,00;20,00;0,00;0,00;;Oui
2;;losa  50*25 super;qte;0,00;0,00;20,00;0,00;0,00;;Oui
3;;losa 41*41 super;qte;0,00;0,00;20,00;0,00;0,00;;Oui
4;;losa 1,20*60 compacto;qte;0,00;0,00;20,00;0,00;0,00;;Oui
5;;losa 35*35 eco version1;qte;0,00;0,00;20,00;0,00;0,00;;Oui
6;;losa 60*60 multi+cristal;qte;0,00;0,00;20,00;0,00;0,00;;Oui
7;;losa 60*60 spain trab blanc;qte;0,00;0,00;20,00;0,00;0,00;;Oui
8;;spray dri grand aristo;qte;0,00;0,00;20,00;0,00;0,00;;Oui
9;;spray dri moyen aristo;qte;0,00;0,00;20,00;0,00;0,00;;Oui
10;;spray dri petit aristo;qte;0,00;0,00;20,00;0,00;0,00;;Oui
11;;netoyant sanili;qte;0,00;0,00;20,00;0,00;0,00;;Oui
12;;disque 230 ecoplus;qte;0,00;0,00;20,00;0,00;0,00;;Oui
13;;sika 2l;qte;0,00;0,00;20,00;0,00;0,00;;Oui
14;;dolio 5l atlas;qte;0,00;0,00;20,00;0,00;0,00;;Oui
15;;wait sperit 5l atlas;qte;0,00;0,00;20,00;0,00;0,00;;Oui
16;;cola 1 kg 203 atlas;qte;0,00;0,00;20,00;0,00;0,00;;Oui
17;;sbagha eurotex 1kg brouda 2eme;qte;0,00;0,00;20,00;0,00;0,00;;Oui
18;;cola kaghit hayt 4h4;qte;0,00;0,00;20,00;0,00;0,00;;Oui
19;;laki loban 1kg;qte;0,00;0,00;20,00;0,00;0,00;;Oui
20;;laki eurotex 1kg k-10;qte;0,00;0,00;20,00;0,00;0,00;;Oui
21;;losa 60*60 spain trab rouge;qte;0,00;0,00;20,00;0,00;0,00;;Oui
22;;laki andolak atlas 1kg;qte;0,00;0,00;20,00;0,00;0,00;;Oui
23;;laki loggi 1kg;qte;0,00;0,00;20,00;0,00;0,00;;Oui
24;;plastique colorado anfa 1kg;qte;0,00;0,00;20,00;0,00;0,00;;Oui
25;;plastique colomax 1kg;qte;0,00;0,00;20,00;0,00;0,00;;Oui
26;;landwi atlas 1kg;qte;0,00;0,00;20,00;0,00;0,00;;Oui
27;;losa 030*0,90 multi;qte;0,00;0,00;20,00;0,00;0,00;;Oui
28;;losa ghorghiz 60*20 1er;qte;0,00;0,00;20,00;0,00;0,00;;Oui
29;;losa 60*20 super 1er;qte;0,00;0,00;20,00;0,00;0,00;;Oui
30;;losa 60*20 eco facemag;qte;0,00;0,00;20,00;0,00;0,00;;Oui
31;;rolo sbagha petit bravo;qte;0,00;0,00;20,00;0,00;0,00;;Oui
32;;rolo sbagha grand bravo;qte;0,00;0,00;20,00;0,00;0,00;;Oui
33;;disque 180 ecoplus;qte;0,00;0,00;20,00;0,00;0,00;;Oui
34;;lsak spray ferri;qte;0,00;0,00;20,00;0,00;0,00;;Oui
35;;wait sperit petit 3adi;qte;0,00;0,00;20,00;0,00;0,00;;Oui
36;;debouch 3adi;qte;0,00;0,00;20,00;0,00;0,00;;Oui
37;;jopiter grand;qte;0,00;0,00;20,00;0,00;0,00;;Oui
38;;3awed chtaba color;qte;0,00;0,00;20,00;0,00;0,00;;Oui
39;;mae kata3;qte;0,00;0,00;20,00;0,00;0,00;;Oui
40;;slom 3p;qte;0,00;0,00;20,00;0,00;0,00;;Oui
41;;slom 2p;qte;0,00;0,00;20,00;0,00;0,00;;Oui
42;;rolo sbagha akro 18mm;qte;0,00;0,00;20,00;0,00;0,00;;Oui
43;;disque hdid grand tigor zizoir;qte;0,00;0,00;20,00;0,00;0,00;;Oui
44;;cola grife 500gr;qte;0,00;0,00;20,00;0,00;0,00;;Oui
45;;plana zelije yed louh;qte;0,00;0,00;20,00;0,00;0,00;;Oui
46;;plana zelije dingui;qte;0,00;0,00;20,00;0,00;0,00;;Oui
47;;sebat talla 43;qte;0,00;0,00;20,00;0,00;0,00;;Oui
48;;chtaba jire maroc;qte;0,00;0,00;20,00;0,00;0,00;;Oui
49;;brocha panso twil;qte;0,00;0,00;20,00;0,00;0,00;;Oui
50;;menchar louh petit;qte;0,00;0,00;20,00;0,00;0,00;;Oui
51;;menchar louh grand dimgui;qte;0,00;0,00;20,00;0,00;0,00;;Oui
52;;menchar louh moyen dimgui;qte;0,00;0,00;20,00;0,00;0,00;;Oui
53;;ta3mira rolo khayt;qte;0,00;0,00;20,00;0,00;0,00;;Oui
54;;boit brawat;qte;0,00;0,00;20,00;0,00;0,00;;Oui
55;;siphone ps 15*15 code;qte;0,00;0,00;20,00;0,00;0,00;;Oui
56;;code tasa ps;qte;0,00;0,00;20,00;0,00;0,00;;Oui
57;;scotch embalage rkik;qte;0,00;0,00;20,00;0,00;0,00;;Oui
58;;alaka noir alum 3p;qte;0,00;0,00;20,00;0,00;0,00;;Oui
59;;alaka noir alum 4p;qte;0,00;0,00;20,00;0,00;0,00;;Oui
60;;alaka noir alum 5p;qte;0,00;0,00;20,00;0,00;0,00;;Oui
61;;alaka noir alum 6p;qte;0,00;0,00;20,00;0,00;0,00;;Oui
62;;alaka inox 3p rolin;qte;0,00;0,00;20,00;0,00;0,00;;Oui
63;;alaka inox 5p rolin;qte;0,00;0,00;20,00;0,00;0,00;;Oui
64;;alaka alum chrome 6p;qte;0,00;0,00;20,00;0,00;0,00;;Oui
65;;alaka alum chrome 4p;qte;0,00;0,00;20,00;0,00;0,00;;Oui
66;;alaka alum chrome 5p;qte;0,00;0,00;20,00;0,00;0,00;;Oui
67;;alaka alum chrome 4p (2);qte;0,00;0,00;20,00;0,00;0,00;;Oui
68;;rachacha alaka clemed 30*30 carre;qte;0,00;0,00;20,00;0,00;0,00;;Oui
69;;rachacha alaka clemed 25*25 carre;qte;0,00;0,00;20,00;0,00;0,00;;Oui
70;;rachacha alaka clemed 20*20 carre;qte;0,00;0,00;20,00;0,00;0,00;;Oui
71;;goma lma flexible;qte;0,00;0,00;20,00;0,00;0,00;;Oui
72;;mancho tasa ps mangito;qte;0,00;0,00;20,00;0,00;0,00;;Oui
73;;alaka 4p rolin inox;qte;0,00;0,00;20,00;0,00;0,00;;Oui
74;;alaka rachacha mdwra clemed 20*20;qte;0,00;0,00;20,00;0,00;0,00;;Oui
75;;alaka rachacha mdwra clemed 25*25;qte;0,00;0,00;20,00;0,00;0,00;;Oui
76;;kmama 3m;qte;0,00;0,00;20,00;0,00;0,00;;Oui
77;;Mika Taghllif Akro 20Mt;qte;0,00;0,00;20,00;0,00;0,00;;Oui
78;;sepiyo petit disque;qte;0,00;0,00;20,00;0,00;0,00;;Oui
79;;hajra disque loh 180 silk;qte;0,00;0,00;20,00;0,00;0,00;;Oui
80;;hajra disque loh 180 germaflex;qte;0,00;0,00;20,00;0,00;0,00;;Oui
81;;disque hdid petit makute;qte;0,00;0,00;20,00;0,00;0,00;;Oui
82;;sipeyo hdid grand pigoem;qte;0,00;0,00;20,00;0,00;0,00;;Oui
83;;hajra disque hdid grand tigor;qte;0,00;0,00;20,00;0,00;0,00;;Oui
84;;robinet noir;qte;0,00;0,00;20,00;0,00;0,00;;Oui
85;;hajra disque petit hjar yamanda;qte;0,00;0,00;20,00;0,00;0,00;;Oui
86;;paso magana 1/2/3/4 mondial;qte;0,00;0,00;20,00;0,00;0,00;;Oui
87;;paso tasa doble clemed 1/2/3/8;qte;0,00;0,00;20,00;0,00;0,00;;Oui
88;;tente eau colorado;qte;0,00;0,00;20,00;0,00;0,00;;Oui
89;;tente zit arcol;qte;0,00;0,00;20,00;0,00;0,00;;Oui
90;;mdahab jafap;qte;0,00;0,00;20,00;0,00;0,00;;Oui
91;;mdahab eurotex;qte;0,00;0,00;20,00;0,00;0,00;;Oui
92;;mnakar jafep;qte;0,00;0,00;20,00;0,00;0,00;;Oui
93;;mnakar colorado;qte;0,00;0,00;20,00;0,00;0,00;;Oui
94;;tente astral eau;qte;0,00;0,00;20,00;0,00;0,00;;Oui
95;;couteur vastking;qte;0,00;0,00;20,00;0,00;0,00;;Oui
96;;rwak docha;qte;0,00;0,00;20,00;0,00;0,00;;Oui
97;;rwak docha(2);qte;0,00;0,00;20,00;0,00;0,00;;Oui
98;;paso ikeer 1/2/1/2 noir kupp;qte;0,00;0,00;20,00;0,00;0,00;;Oui
99;;paso palaman doble;qte;0,00;0,00;20,00;0,00;0,00;;Oui
100;;paso magana 3/43/4 grome;qte;0,00;0,00;20,00;0,00;0,00;;Oui
101;;robinet jarda jary;qte;0,00;0,00;20,00;0,00;0,00;;Oui
102;;loba maryo venizia;qte;0,00;0,00;20,00;0,00;0,00;;Oui
103;;lakat pance hdid 500a sodour;qte;0,00;0,00;20,00;0,00;0,00;;Oui
104;;sifon bedit roca;qte;0,00;0,00;20,00;0,00;0,00;;Oui
105;;lakat bni bellota;qte;0,00;0,00;20,00;0,00;0,00;;Oui
106;;lakat bni 3adi;qte;0,00;0,00;20,00;0,00;0,00;;Oui
107;;teflon grand pronto;qte;0,00;0,00;20,00;0,00;0,00;;Oui
108;;stanio nhas petit;qte;0,00;0,00;20,00;0,00;0,00;;Oui
109;;loba 70 zete;qte;0,00;0,00;20,00;0,00;0,00;;Oui
110;;terna kodak;qte;0,00;0,00;20,00;0,00;0,00;;Oui
111;;menchar loh;qte;0,00;0,00;20,00;0,00;0,00;;Oui
112;;tornios tasa 3adi;qte;0,00;0,00;20,00;0,00;0,00;;Oui
113;;menchar loh marron;qte;0,00;0,00;20,00;0,00;0,00;;Oui
114;;lama kamla;qte;0,00;0,00;20,00;0,00;0,00;;Oui
115;;alaka inox;qte;0,00;0,00;20,00;0,00;0,00;;Oui
116;;alaka inox b;qte;0,00;0,00;20,00;0,00;0,00;;Oui
117;;brocha tablo;qte;0,00;0,00;20,00;0,00;0,00;;Oui
118;;makina ppr version1;qte;0,00;0,00;20,00;0,00;0,00;;Oui
119;;rotolat glomer;qte;0,00;0,00;20,00;0,00;0,00;;Oui
120;;kfel 75 mm 44/sse;qte;0,00;0,00;20,00;0,00;0,00;;Oui
121;;cano 6mm 4mex;qte;0,00;0,00;20,00;0,00;0,00;;Oui
122;;cano 6mm oscar;qte;0,00;0,00;20,00;0,00;0,00;;Oui
123;;paso 3/8/1/2 kupp;qte;0,00;0,00;20,00;0,00;0,00;;Oui
124;;cano 6m gusail;qte;0,00;0,00;20,00;0,00;0,00;;Oui
125;;cano 8m dimax;qte;0,00;0,00;20,00;0,00;0,00;;Oui
126;;cano 6m docha gmr;qte;0,00;0,00;20,00;0,00;0,00;;Oui
127;;cano 6m ambo;qte;0,00;0,00;20,00;0,00;0,00;;Oui
128;;loba 700b laperche;qte;0,00;0,00;20,00;0,00;0,00;;Oui
129;;mango bab fexa/kupa;qte;0,00;0,00;20,00;0,00;0,00;;Oui
130;;loba alum umex;qte;0,00;0,00;20,00;0,00;0,00;;Oui
131;;loba alum jairor;qte;0,00;0,00;20,00;0,00;0,00;;Oui
132;;loba alum ambo;qte;0,00;0,00;20,00;0,00;0,00;;Oui
133;;loba 70 bricomed;qte;0,00;0,00;20,00;0,00;0,00;;Oui
134;;loba 850b master;qte;0,00;0,00;20,00;0,00;0,00;;Oui
135;;kfel fff;qte;0,00;0,00;20,00;0,00;0,00;;Oui
136;;kfel lock;qte;0,00;0,00;20,00;0,00;0,00;;Oui
137;;cano nhas 10m;qte;0,00;0,00;20,00;0,00;0,00;;Oui
138;;support rachacha encastre clemed carre;qte;0,00;0,00;20,00;0,00;0,00;;Oui
139;;sifon inox 40 clemed;qte;0,00;0,00;20,00;0,00;0,00;;Oui
140;;cano 70mm 340;qte;0,00;0,00;20,00;0,00;0,00;;Oui
141;;support takala chrome itay;qte;0,00;0,00;20,00;0,00;0,00;;Oui
142;;support takala mkg;qte;0,00;0,00;20,00;0,00;0,00;;Oui
143;;loba bab cledor;qte;0,00;0,00;20,00;0,00;0,00;;Oui
144;;paso 1/2/3/4 noir sus 304;qte;0,00;0,00;20,00;0,00;0,00;;Oui
145;;paso mini vame;qte;0,00;0,00;20,00;0,00;0,00;;Oui
146;;cano 60mm zate;qte;0,00;0,00;20,00;0,00;0,00;;Oui
147;;paso 1/2/3/4 clemed;qte;0,00;0,00;20,00;0,00;0,00;;Oui
148;;ras grifo alfa plus;qte;0,00;0,00;20,00;0,00;0,00;;Oui
149;;ras grifo clemed;qte;0,00;0,00;20,00;0,00;0,00;;Oui
150;;ras grifo toper;qte;0,00;0,00;20,00;0,00;0,00;;Oui
151;;poussoir chrome pdium;qte;0,00;0,00;20,00;0,00;0,00;;Oui
152;;poussoir noir podium;qte;0,00;0,00;20,00;0,00;0,00;;Oui
153;;poussoir plato docha;qte;0,00;0,00;20,00;0,00;0,00;;Oui
154;;paso 1/2*1/2 doble glama;qte;0,00;0,00;20,00;0,00;0,00;;Oui
155;;paso 1/2*3/8 momtaz clemed;qte;0,00;0,00;20,00;0,00;0,00;;Oui
156;;support rachacha clemed encastre mdwra;qte;0,00;0,00;20,00;0,00;0,00;;Oui
157;;paso doble 1/2*1/2 palaman;qte;0,00;0,00;20,00;0,00;0,00;;Oui
158;;paso 1/2*1/2 clemed momtaz;qte;0,00;0,00;20,00;0,00;0,00;;Oui
159;;paso 1/2*3/8 clemed;qte;0,00;0,00;20,00;0,00;0,00;;Oui
160;;paso doble 1/2/3/8 podium;qte;0,00;0,00;20,00;0,00;0,00;;Oui
161;;paso 1/23/8 noir sus 304;qte;0,00;0,00;20,00;0,00;0,00;;Oui
162;;paso doble 1/2*1/2 noir sus 304;qte;0,00;0,00;20,00;0,00;0,00;;Oui
163;;paso clemed 1/2/1/2;qte;0,00;0,00;20,00;0,00;0,00;;Oui
164;;paso doble 1/2*3/8 caramante;qte;0,00;0,00;20,00;0,00;0,00;;Oui
165;;sifon 10*10 inox relax;qte;0,00;0,00;20,00;0,00;0,00;;Oui
166;;sifon 10*10 nhas floordrain;qte;0,00;0,00;20,00;0,00;0,00;;Oui
167;;sifon 10*10 poussoir vilda;qte;0,00;0,00;20,00;0,00;0,00;;Oui
168;;tornios tasa jonb;qte;0,00;0,00;20,00;0,00;0,00;;Oui
169;;brasadira 40 pvc;qte;0,00;0,00;20,00;0,00;0,00;;Oui
170;;sifon 15*15 nhas floordraim;qte;0,00;0,00;20,00;0,00;0,00;;Oui
171;;robinet jardin 3/4 nhas;qte;0,00;0,00;20,00;0,00;0,00;;Oui
172;;robinet nhas 3/4;qte;0,00;0,00;20,00;0,00;0,00;;Oui
173;;sifon 10*10 floordrai;qte;0,00;0,00;20,00;0,00;0,00;;Oui
174;;sifon 10*10 floordraim;qte;0,00;0,00;20,00;0,00;0,00;;Oui
175;;sifon 10*10 rivar;qte;0,00;0,00;20,00;0,00;0,00;;Oui
176;;rotolat nhas;qte;0,00;0,00;20,00;0,00;0,00;;Oui
177;;clapi 32 nhas;qte;0,00;0,00;20,00;0,00;0,00;;Oui
178;;kalam rasas;qte;0,00;0,00;20,00;0,00;0,00;;Oui
179;;clapi 25 3/4;qte;0,00;0,00;20,00;0,00;0,00;;Oui
180;;kripina 32;qte;0,00;0,00;20,00;0,00;0,00;;Oui
181;;kripina 40;qte;0,00;0,00;20,00;0,00;0,00;;Oui
182;;kalb robinet rba3 dawra;qte;0,00;0,00;20,00;0,00;0,00;;Oui
183;;brasadira 25 hdid index;qte;0,00;0,00;20,00;0,00;0,00;;Oui
184;;brasadira 16 plastique;qte;0,00;0,00;20,00;0,00;0,00;;Oui
185;;brasadira 50 hdid;qte;0,00;0,00;20,00;0,00;0,00;;Oui
186;;code 1/2/20 pulitine;qte;0,00;0,00;20,00;0,00;0,00;;Oui
187;;racor 1/2/20 pulitine;qte;0,00;0,00;20,00;0,00;0,00;;Oui
188;;code 20 pulitine;qte;0,00;0,00;20,00;0,00;0,00;;Oui
189;;yed rolo;qte;0,00;0,00;20,00;0,00;0,00;;Oui
190;;mika zbel bleu grand;qte;0,00;0,00;20,00;0,00;0,00;;Oui
191;;mika zbel bleu petit;qte;0,00;0,00;20,00;0,00;0,00;;Oui
192;;robinet plastique nos dawra;qte;0,00;0,00;20,00;0,00;0,00;;Oui
193;;robinet plastique ras mdwar;qte;0,00;0,00;20,00;0,00;0,00;;Oui
194;;tornios lavabo a,t;qte;0,00;0,00;20,00;0,00;0,00;;Oui
195;;tornios lavabo jermany;qte;0,00;0,00;20,00;0,00;0,00;;Oui
196;;brasadira 16 index;qte;0,00;0,00;20,00;0,00;0,00;;Oui
197;;brasadira 20 index;qte;0,00;0,00;20,00;0,00;0,00;;Oui
198;;lequido grifon;qte;0,00;0,00;20,00;0,00;0,00;;Oui
199;;sifon 10*10 perla inox;qte;0,00;0,00;20,00;0,00;0,00;;Oui
200;;paso dari 20 bleu sidbenz;qte;0,00;0,00;20,00;0,00;0,00;;Oui
201;;sepiyo hdid blyed;qte;0,00;0,00;20,00;0,00;0,00;;Oui
202;;tmas tobo rwak marron penia;qte;0,00;0,00;20,00;0,00;0,00;;Oui
203;;rachacha inox 3adia;qte;0,00;0,00;20,00;0,00;0,00;;Oui
204;;support rachacha carre clemed;qte;0,00;0,00;20,00;0,00;0,00;;Oui
205;;fekron sakhan fagor fo9i;qte;0,00;0,00;20,00;0,00;0,00;;Oui
206;;tornios seterna tasa clemed;qte;0,00;0,00;20,00;0,00;0,00;;Oui
207;;chalimo nhas vanne;qte;0,00;0,00;20,00;0,00;0,00;;Oui
208;;sifon 15*15 filler;qte;0,00;0,00;20,00;0,00;0,00;;Oui
209;;sifon 10*10 glama;qte;0,00;0,00;20,00;0,00;0,00;;Oui
210;;clapi sifon inox;qte;0,00;0,00;20,00;0,00;0,00;;Oui
211;;sifon 20m inox relax;qte;0,00;0,00;20,00;0,00;0,00;;Oui
212;;sifon 10*10 iroski;qte;0,00;0,00;20,00;0,00;0,00;;Oui
213;;sifon plastique kmei;qte;0,00;0,00;20,00;0,00;0,00;;Oui
214;;sifon code 32 10*10;qte;0,00;0,00;20,00;0,00;0,00;;Oui
215;;sifon 15*15 hdid relax;qte;0,00;0,00;20,00;0,00;0,00;;Oui
216;;cable floteur pompa;qte;0,00;0,00;20,00;0,00;0,00;;Oui
217;;sakhan 6l joya;qte;0,00;0,00;20,00;0,00;0,00;;Oui
218;;kayata sakhan;qte;0,00;0,00;20,00;0,00;0,00;;Oui
219;;ras goma color flying;qte;0,00;0,00;20,00;0,00;0,00;;Oui
220;;rachacha plastique mdwra;qte;0,00;0,00;20,00;0,00;0,00;;Oui
221;;sifon 10*10 palaman noir;qte;0,00;0,00;20,00;0,00;0,00;;Oui
222;;rachacha mdwra;qte;0,00;0,00;20,00;0,00;0,00;;Oui
223;;bik cocina color;qte;0,00;0,00;20,00;0,00;0,00;;Oui
224;;guigo rih bleu;qte;0,00;0,00;20,00;0,00;0,00;;Oui
225;;teflon moyen;qte;0,00;0,00;20,00;0,00;0,00;;Oui
226;;sifon 10*10 palaman chrome;qte;0,00;0,00;20,00;0,00;0,00;;Oui
227;;joint conique tasa;qte;0,00;0,00;20,00;0,00;0,00;;Oui
228;;khaja lavadora 2p;qte;0,00;0,00;20,00;0,00;0,00;;Oui
229;;kharja lavabo 2p bide;qte;0,00;0,00;20,00;0,00;0,00;;Oui
230;;tornios ghataya tasa;qte;0,00;0,00;20,00;0,00;0,00;;Oui
231;;pakia sesaba qtools;qte;0,00;0,00;20,00;0,00;0,00;;Oui
232;;ras magana bota petit bota gaz;qte;0,00;0,00;20,00;0,00;0,00;;Oui
233;;teflon petit clemed;qte;0,00;0,00;20,00;0,00;0,00;;Oui
234;;boit papier gynique;qte;0,00;0,00;20,00;0,00;0,00;;Oui
235;;porte savon ps;qte;0,00;0,00;20,00;0,00;0,00;;Oui
236;;porte savon alum;qte;0,00;0,00;20,00;0,00;0,00;;Oui
237;;robinet dari 20 ppr;qte;0,00;0,00;20,00;0,00;0,00;;Oui
238;;porte savon noir kupp;qte;0,00;0,00;20,00;0,00;0,00;;Oui
239;;porte servitte noir mdwar kupp;qte;0,00;0,00;20,00;0,00;0,00;;Oui
240;;porte papier gynique noir kupp;qte;0,00;0,00;20,00;0,00;0,00;;Oui
241;;porte servette alum mdwra;qte;0,00;0,00;20,00;0,00;0,00;;Oui
242;;machota 2kg incgo;qte;0,00;0,00;20,00;0,00;0,00;;Oui
243;;machota yed rouge;qte;0,00;0,00;20,00;0,00;0,00;;Oui
244;;mterka mesmar;qte;0,00;0,00;20,00;0,00;0,00;;Oui
245;;mterka mesmar pigoen muler;qte;0,00;0,00;20,00;0,00;0,00;;Oui
246;;mterka mesmar  byota;qte;0,00;0,00;20,00;0,00;0,00;;Oui
247;;mterka 200g incgo;qte;0,00;0,00;20,00;0,00;0,00;;Oui
248;;megdi;qte;0,00;0,00;20,00;0,00;0,00;;Oui
249;;melasa carre;qte;0,00;0,00;20,00;0,00;0,00;;Oui
250;;bik cocina 3adi;qte;0,00;0,00;20,00;0,00;0,00;;Oui
251;;robinet stal vert;qte;0,00;0,00;20,00;0,00;0,00;;Oui
252;;grjouta 32 bla barbora jimtem;qte;0,00;0,00;20,00;0,00;0,00;;Oui
253;;bik cocina momtaz male clemed;qte;0,00;0,00;20,00;0,00;0,00;;Oui
254;;bik cocina jemtime momtaz clemed;qte;0,00;0,00;20,00;0,00;0,00;;Oui
255;;sifon 40 bla barbora italy;qte;0,00;0,00;20,00;0,00;0,00;;Oui
256;;robinet laVADORA doble clemed;qte;0,00;0,00;20,00;0,00;0,00;;Oui
257;;ras paso 20 ppr panama;qte;0,00;0,00;20,00;0,00;0,00;;Oui
258;;scotch kaghit wasa3 miarco;qte;0,00;0,00;20,00;0,00;0,00;;Oui
259;;sifon barbora grand jimtem mokhtalet;qte;0,00;0,00;20,00;0,00;0,00;;Oui
260;;sifon 15*15 relax;qte;0,00;0,00;20,00;0,00;0,00;;Oui
261;;filtre eau best;qte;0,00;0,00;20,00;0,00;0,00;;Oui
262;;mecanisme brecomed;qte;0,00;0,00;20,00;0,00;0,00;;Oui
263;;papier gynique alum;qte;0,00;0,00;20,00;0,00;0,00;;Oui
264;;robinet cocina noir germano;qte;0,00;0,00;20,00;0,00;0,00;;Oui
265;;ghataya tasa 3adia ps;qte;0,00;0,00;20,00;0,00;0,00;;Oui
266;;ghataya tasa;qte;0,00;0,00;20,00;0,00;0,00;;Oui
267;;ghataya tasa oval agua som;qte;0,00;0,00;20,00;0,00;0,00;;Oui
268;;ghataya tasa clemed 3tam;qte;0,00;0,00;20,00;0,00;0,00;;Oui
269;;ghataya tasa gamex;qte;0,00;0,00;20,00;0,00;0,00;;Oui
270;;robinet cocina rosol dore germano;qte;0,00;0,00;20,00;0,00;0,00;;Oui
271;;mecanisme econopoop;qte;0,00;0,00;20,00;0,00;0,00;;Oui
272;;mecanisme roca;qte;0,00;0,00;20,00;0,00;0,00;;Oui
273;;robinet cocina rosol saniton;qte;0,00;0,00;20,00;0,00;0,00;;Oui
274;;robinet tabla palaman;qte;0,00;0,00;20,00;0,00;0,00;;Oui
275;;robinet docha noir rolin;qte;0,00;0,00;20,00;0,00;0,00;;Oui
276;;paso 1/2/1/2 nhas femelle;qte;0,00;0,00;20,00;0,00;0,00;;Oui
277;;loba vache 12mm;qte;0,00;0,00;20,00;0,00;0,00;;Oui
278;;loba vacheet gmb;qte;0,00;0,00;20,00;0,00;0,00;;Oui
279;;loba vacheet verro ambo;qte;0,00;0,00;20,00;0,00;0,00;;Oui
280;;loba 12mm ferri;qte;0,00;0,00;20,00;0,00;0,00;;Oui
281;;loba 12mm ambo;qte;0,00;0,00;20,00;0,00;0,00;;Oui
282;;loba egura zkron;qte;0,00;0,00;20,00;0,00;0,00;;Oui
283;;loba ymex 10mm;qte;0,00;0,00;20,00;0,00;0,00;;Oui
284;;stale vanne maron;qte;0,00;0,00;20,00;0,00;0,00;;Oui
285;;grjouta tasa kom plus;qte;0,00;0,00;20,00;0,00;0,00;;Oui
286;;flotour tasa vsa;qte;0,00;0,00;20,00;0,00;0,00;;Oui
287;;flotour tasa clemed;qte;0,00;0,00;20,00;0,00;0,00;;Oui
288;;bik cocina plastique;qte;0,00;0,00;20,00;0,00;0,00;;Oui
289;;bik cocina inox;qte;0,00;0,00;20,00;0,00;0,00;;Oui
290;;filtre eau sws petit;qte;0,00;0,00;20,00;0,00;0,00;;Oui
291;;robinet nhas jeunne;qte;0,00;0,00;20,00;0,00;0,00;;Oui
292;;robinet nhas mnakar;qte;0,00;0,00;20,00;0,00;0,00;;Oui
293;;magana bota altinboga;qte;0,00;0,00;20,00;0,00;0,00;;Oui
294;;magana bota hyierpy;qte;0,00;0,00;20,00;0,00;0,00;;Oui
295 version1;;choka rkham marmor 40mm;qte;0,00;0,00;20,00;0,00;0,00;;Oui
296;;choka rkham marmor 35mm;qte;0,00;0,00;20,00;0,00;0,00;;Oui
297;;sifon doble gris;qte;0,00;0,00;20,00;0,00;0,00;;Oui
298;;sifon troplan abp;qte;0,00;0,00;20,00;0,00;0,00;;Oui
299;;magana bota 1,5kg 170mb;qte;0,00;0,00;20,00;0,00;0,00;;Oui
300;;loba micc;qte;0,00;0,00;20,00;0,00;0,00;;Oui
301;;grjouta tasa chefer;qte;0,00;0,00;20,00;0,00;0,00;;Oui
302;;sifon doble vilda cocina barbora grand;qte;0,00;0,00;20,00;0,00;0,00;;Oui
303;;magana bota aristo reglage;qte;0,00;0,00;20,00;0,00;0,00;;Oui
304;;magana bota 1kg 3adia;qte;0,00;0,00;20,00;0,00;0,00;;Oui
305;;magana bota 28 mbat fix;qte;0,00;0,00;20,00;0,00;0,00;;Oui
306;;sifon doble troplan barbora grand;qte;0,00;0,00;20,00;0,00;0,00;;Oui
307;;sifon cocina barbora grand;qte;0,00;0,00;20,00;0,00;0,00;;Oui
308;;sifon plato docha relax jimten sanplast;qte;0,00;0,00;20,00;0,00;0,00;;Oui
309;;barbora cocina grand version2;qte;0,00;0,00;20,00;0,00;0,00;;Oui
310;;barbora cocina grand tranplan;qte;0,00;0,00;20,00;0,00;0,00;;Oui
311;;goma lavadora dakhla sirin 2m;qte;0,00;0,00;20,00;0,00;0,00;;Oui
312;;goma lavadora kharja clemed 1,5m;qte;0,00;0,00;20,00;0,00;0,00;;Oui
313;;brasadira avec joint 110 version1;qte;0,00;0,00;20,00;0,00;0,00;;Oui
314;;robinet cocina rosor boutigue;qte;0,00;0,00;20,00;0,00;0,00;;Oui
315;;sifon sans barbora 32 spain;qte;0,00;0,00;20,00;0,00;0,00;;Oui
316;;mango ags;qte;0,00;0,00;20,00;0,00;0,00;;Oui
317;;mango ags sans cano;qte;0,00;0,00;20,00;0,00;0,00;;Oui
318;;robinet cocina bared rider;qte;0,00;0,00;20,00;0,00;0,00;;Oui
319;;robinet cocina kupp;qte;0,00;0,00;20,00;0,00;0,00;;Oui
320;;brasadira sans joint 100;qte;0,00;0,00;20,00;0,00;0,00;;Oui
321;;brasadira avec joint 110 version2;qte;0,00;0,00;20,00;0,00;0,00;;Oui
322;;brasadira tim 75;qte;0,00;0,00;20,00;0,00;0,00;;Oui
323;;brasadira avec joint 63;qte;0,00;0,00;20,00;0,00;0,00;;Oui
324;;brasadira avec joint gb 75;qte;0,00;0,00;20,00;0,00;0,00;;Oui
325;;brasadira avec joint 50;qte;0,00;0,00;20,00;0,00;0,00;;Oui
326;;brasadira avec joint 32;qte;0,00;0,00;20,00;0,00;0,00;;Oui
327;;brasadira avec joint 160;qte;0,00;0,00;20,00;0,00;0,00;;Oui
328;;brasadira rkika avec joint 125;qte;0,00;0,00;20,00;0,00;0,00;;Oui
329;;brasadira avec joint jb 110;qte;0,00;0,00;20,00;0,00;0,00;;Oui
330;;brasadira avec joint 40;qte;0,00;0,00;20,00;0,00;0,00;;Oui
331;;support kar3a gaz osaka japan;qte;0,00;0,00;20,00;0,00;0,00;;Oui
332;;robinet docha boma;qte;0,00;0,00;20,00;0,00;0,00;;Oui
333;;robinet lavabo clemed;qte;0,00;0,00;20,00;0,00;0,00;;Oui
334;;robinet docha vlaus;qte;0,00;0,00;20,00;0,00;0,00;;Oui
335;;robinet dochacristal italy;qte;0,00;0,00;20,00;0,00;0,00;;Oui
336;;robinet docha galaxy;qte;0,00;0,00;20,00;0,00;0,00;;Oui
337;;robinet cocina bared clemed;qte;0,00;0,00;20,00;0,00;0,00;;Oui
338;;robinet cocina tabla clemed lux;qte;0,00;0,00;20,00;0,00;0,00;;Oui
339;;robinet bared r,s tabla;qte;0,00;0,00;20,00;0,00;0,00;;Oui
340;;ferfara 160 mutlusan;qte;0,00;0,00;20,00;0,00;0,00;;Oui
341;;placa inox regola;qte;0,00;0,00;20,00;0,00;0,00;;Oui
342;;barbora grand sans troplain italy;qte;0,00;0,00;20,00;0,00;0,00;;Oui
343;;choka zelije 8-10 rubi;qte;0,00;0,00;20,00;0,00;0,00;;Oui
344;;choka clemed;qte;0,00;0,00;20,00;0,00;0,00;;Oui
345;;robinet tabla lavabo germano;qte;0,00;0,00;20,00;0,00;0,00;;Oui
346;;ferfara mutesan 110;qte;0,00;0,00;20,00;0,00;0,00;;Oui
347;;ferfara rex 110;qte;0,00;0,00;20,00;0,00;0,00;;Oui
348;;sifon doble barbora grand italy;qte;0,00;0,00;20,00;0,00;0,00;;Oui
349;;minitre chant;qte;0,00;0,00;20,00;0,00;0,00;;Oui
350;;sifon doble sans barbora rommfo;qte;0,00;0,00;20,00;0,00;0,00;;Oui
351;;robinet cocina tabla rolin;qte;0,00;0,00;20,00;0,00;0,00;;Oui
352;;sifon troplain barbora petit chope;qte;0,00;0,00;20,00;0,00;0,00;;Oui
353;;clapi tasa rianno;qte;0,00;0,00;20,00;0,00;0,00;;Oui
354;;sifon doble barbora grand gris;qte;0,00;0,00;20,00;0,00;0,00;;Oui
355;;yed bab mdwar jami3 alwan;qte;0,00;0,00;20,00;0,00;0,00;;Oui
356;;mraya mdwra version1;qte;0,00;0,00;20,00;0,00;0,00;;Oui
357;;mraya mdwra version2;qte;0,00;0,00;20,00;0,00;0,00;;Oui
358;;chtaba jir loh;qte;0,00;0,00;20,00;0,00;0,00;;Oui
359;;mnadar sodour;qte;0,00;0,00;20,00;0,00;0,00;;Oui
360;;robinet mnakar bared kupp;qte;0,00;0,00;20,00;0,00;0,00;;Oui
361;;robinet noir bared kupp;qte;0,00;0,00;20,00;0,00;0,00;;Oui
362;;robinet docha clemed version1;qte;0,00;0,00;20,00;0,00;0,00;;Oui
363;;robinet tabla yed noir imas;qte;0,00;0,00;20,00;0,00;0,00;;Oui
364;;robinet tabla bared noir germano;qte;0,00;0,00;20,00;0,00;0,00;;Oui
365;;robinet hayt bared noir germano;qte;0,00;0,00;20,00;0,00;0,00;;Oui
366;;robinet tabla noir bsnsla rolin;qte;0,00;0,00;20,00;0,00;0,00;;Oui
367;;robinet cocina hayt clemed;qte;0,00;0,00;20,00;0,00;0,00;;Oui
368;;robinet docha termosta alimania;qte;0,00;0,00;20,00;0,00;0,00;;Oui
369;;robinet lavavo bared vasser;qte;0,00;0,00;20,00;0,00;0,00;;Oui
370;;robinet lavabo bared rolin;qte;0,00;0,00;20,00;0,00;0,00;;Oui
371;;dochita paso doble noir;qte;0,00;0,00;20,00;0,00;0,00;;Oui
372;;dochita bared w skhoun mdfona clemed;qte;0,00;0,00;20,00;0,00;0,00;;Oui
373;;dochita bared w skhoun aparant malver;qte;0,00;0,00;20,00;0,00;0,00;;Oui
374;;robinet tabla mdahb germano;qte;0,00;0,00;20,00;0,00;0,00;;Oui
375;;robinet poussoire hayt clemed;qte;0,00;0,00;20,00;0,00;0,00;;Oui
376;;dochita s4y mdahab;qte;0,00;0,00;20,00;0,00;0,00;;Oui
377;;dochita noir m3a dahbi palaman version1;qte;0,00;0,00;20,00;0,00;0,00;;Oui
378;;dochita noir m3a dahbi palaman version2;qte;0,00;0,00;20,00;0,00;0,00;;Oui
379;;dochita paso doble podium;qte;0,00;0,00;20,00;0,00;0,00;;Oui
380;;robinet lavabo bared tapinox;qte;0,00;0,00;20,00;0,00;0,00;;Oui
381;;robinet hayt bared tapinox;qte;0,00;0,00;20,00;0,00;0,00;;Oui
382;;robinet tabla bared tapinox;qte;0,00;0,00;20,00;0,00;0,00;;Oui
383;;robinet 3ADI c,t,n;qte;0,00;0,00;20,00;0,00;0,00;;Oui
384;;robinet nos dawra clemed version1;qte;0,00;0,00;20,00;0,00;0,00;;Oui
385;;ras robinet 1/2 nhas romtap;qte;0,00;0,00;20,00;0,00;0,00;;Oui
386;;robinet nos dawra mdahab brasco;qte;0,00;0,00;20,00;0,00;0,00;;Oui
387;;redictor presion 1/2 italy;qte;0,00;0,00;20,00;0,00;0,00;;Oui
388;;robinet sfar 3adi;qte;0,00;0,00;20,00;0,00;0,00;;Oui
389;;sopaple 1/2 sakhan italy;qte;0,00;0,00;20,00;0,00;0,00;;Oui
390;;sopaple 1/2 3adi;qte;0,00;0,00;20,00;0,00;0,00;;Oui
391;;faracha vanne 3/4 nhas s,a;qte;0,00;0,00;20,00;0,00;0,00;;Oui
392;;ferdi docha clemed;qte;0,00;0,00;20,00;0,00;0,00;;Oui
393;;dochita clemed m3a robinet;qte;0,00;0,00;20,00;0,00;0,00;;Oui
394;;robinet cocina hayt palaman;qte;0,00;0,00;20,00;0,00;0,00;;Oui
version2 295;;dochita tiamme italy;qte;0,00;0,00;20,00;0,00;0,00;;Oui
396;;robinet docha palaman;qte;0,00;0,00;20,00;0,00;0,00;;Oui
397;;dochita mamsha inox;qte;0,00;0,00;20,00;0,00;0,00;;Oui
398;;robinet lavabo palaman;qte;0,00;0,00;20,00;0,00;0,00;;Oui
399;;robinet lavabo exel;qte;0,00;0,00;20,00;0,00;0,00;;Oui
400;;barbora cocina grand version1;qte;0,00;0,00;20,00;0,00;0,00;;Oui
401;;robinet pared rosor palaman;qte;0,00;0,00;20,00;0,00;0,00;;Oui
402;;robinet nos dawra clemed version2;qte;0,00;0,00;20,00;0,00;0,00;;Oui
403;;robinet lavabo clemeed lux;qte;0,00;0,00;20,00;0,00;0,00;;Oui
404;;robinet lavabo clemed bona;qte;0,00;0,00;20,00;0,00;0,00;;Oui
405;;fltre clemed male;qte;0,00;0,00;20,00;0,00;0,00;;Oui
406;;robinet cocina silver;qte;0,00;0,00;20,00;0,00;0,00;;Oui
407;;robinet pousoir hayt vilda;qte;0,00;0,00;20,00;0,00;0,00;;Oui
408;;filtre clemed femelle;qte;0,00;0,00;20,00;0,00;0,00;;Oui
409;;robinet clemed lux;qte;0,00;0,00;20,00;0,00;0,00;;Oui
410;;kalb robinet vox;qte;0,00;0,00;20,00;0,00;0,00;;Oui
411;;robinet lavabo ynirob;qte;0,00;0,00;20,00;0,00;0,00;;Oui
412;;dochita primio inox;qte;0,00;0,00;20,00;0,00;0,00;;Oui
413;;tret  docha relax;qte;0,00;0,00;20,00;0,00;0,00;;Oui
414;;spatola stanio 4pcs;qte;0,00;0,00;20,00;0,00;0,00;;Oui
415;;sifon 10*10 nicol version1;qte;0,00;0,00;20,00;0,00;0,00;;Oui
416;;plus 6mm clemed;qte;0,00;0,00;20,00;0,00;0,00;;Oui
417;;mcanisme decoma;qte;0,00;0,00;20,00;0,00;0,00;;Oui
418;;floteur d jonb saupfast;qte;0,00;0,00;20,00;0,00;0,00;;Oui
419;;floteur d jonb usa;qte;0,00;0,00;20,00;0,00;0,00;;Oui
420;;floteur d jonb palastisan;qte;0,00;0,00;20,00;0,00;0,00;;Oui
421;;floteur d jonb arma;qte;0,00;0,00;20,00;0,00;0,00;;Oui
422;;floteur d jonb gota;qte;0,00;0,00;20,00;0,00;0,00;;Oui
423;;floteur d jonb edro espan;qte;0,00;0,00;20,00;0,00;0,00;;Oui
424;;floteur d jonb costa;qte;0,00;0,00;20,00;0,00;0,00;;Oui
425;;tret twila clemed;qte;0,00;0,00;20,00;0,00;0,00;;Oui
426;;sensla 2,20m iroski;qte;0,00;0,00;20,00;0,00;0,00;;Oui
427;;sensla 1,5m wegaye;qte;0,00;0,00;20,00;0,00;0,00;;Oui
428;;sensla 1m malver;qte;0,00;0,00;20,00;0,00;0,00;;Oui
429;;sifon nebera g,p sanitaria;qte;0,00;0,00;20,00;0,00;0,00;;Oui
430;;sifon nebera rommy;qte;0,00;0,00;20,00;0,00;0,00;;Oui
431;;sifon doble abp tranplain;qte;0,00;0,00;20,00;0,00;0,00;;Oui
432;;rachacha carre inox;qte;0,00;0,00;20,00;0,00;0,00;;Oui
433;;dochita b robinet wegaye;qte;0,00;0,00;20,00;0,00;0,00;;Oui
434;;dochita bla robinet wegaye;qte;0,00;0,00;20,00;0,00;0,00;;Oui
435;;ras rachacha new;qte;0,00;0,00;20,00;0,00;0,00;;Oui
436;;dochita alsa;qte;0,00;0,00;20,00;0,00;0,00;;Oui
437;;dochita clemed;qte;0,00;0,00;20,00;0,00;0,00;;Oui
438;;sensla dochita germano;qte;0,00;0,00;20,00;0,00;0,00;;Oui
439;;bik cocina clemed rosor;qte;0,00;0,00;20,00;0,00;0,00;;Oui
440;;sensla docha genebre;qte;0,00;0,00;20,00;0,00;0,00;;Oui
441;;rachacha+sensla 3adia;qte;0,00;0,00;20,00;0,00;0,00;;Oui
442;;dochita noir+mdahab embalage;qte;0,00;0,00;20,00;0,00;0,00;;Oui
443;;goma lavabo dakhla clemed 2mt;qte;0,00;0,00;20,00;0,00;0,00;;Oui
444;;goma lavabo dakhla clemed 1,5mt;qte;0,00;0,00;20,00;0,00;0,00;;Oui
445;;selecona 3adia transp;qte;0,00;0,00;20,00;0,00;0,00;;Oui
446;;selecona polymax transp;qte;0,00;0,00;20,00;0,00;0,00;;Oui
447;;selecona polymax noir;qte;0,00;0,00;20,00;0,00;0,00;;Oui
448;;awed rachacha 25mm;qte;0,00;0,00;20,00;0,00;0,00;;Oui
449;;mizan eau bleu orange;qte;0,00;0,00;20,00;0,00;0,00;;Oui
450;;bab banyera 30*30;qte;0,00;0,00;20,00;0,00;0,00;;Oui
451;;sifon cocina barbora petit romm/troplein;qte;0,00;0,00;20,00;0,00;0,00;;Oui
452;;sifon cocina barbora grand rommy;qte;0,00;0,00;20,00;0,00;0,00;;Oui
453;;bik robinet plastique;qte;0,00;0,00;20,00;0,00;0,00;;Oui
454;;tacon 10 3adi;qte;0,00;0,00;20,00;0,00;0,00;;Oui
455;;kargwi 90;qte;0,00;0,00;20,00;0,00;0,00;;Oui
456;;kargwi 100;qte;0,00;0,00;20,00;0,00;0,00;;Oui
457;;tacon 12 3adi;qte;0,00;0,00;20,00;0,00;0,00;;Oui
458;;tacon 8 3adi;qte;0,00;0,00;20,00;0,00;0,00;;Oui
459;;hdida 10*10;qte;0,00;0,00;20,00;0,00;0,00;;Oui
460;;hdida 15*15;qte;0,00;0,00;20,00;0,00;0,00;;Oui
461;;sifon 32 jimtem;qte;0,00;0,00;20,00;0,00;0,00;;Oui
462;;sifon 32 abp;qte;0,00;0,00;20,00;0,00;0,00;;Oui
463;;sifon 40 jimtem;qte;0,00;0,00;20,00;0,00;0,00;;Oui
464;;papier gynique grand armatura;qte;0,00;0,00;20,00;0,00;0,00;;Oui
465;;suport d 9ant 3p alum armatura;qte;0,00;0,00;20,00;0,00;0,00;;Oui
466;;alaka fwat doble 5p;qte;0,00;0,00;20,00;0,00;0,00;;Oui
467;;alaka port survette noir kupp;qte;0,00;0,00;20,00;0,00;0,00;;Oui
468;;alaka port survette chrome armatura;qte;0,00;0,00;20,00;0,00;0,00;;Oui
469;;alaka port survette alum;qte;0,00;0,00;20,00;0,00;0,00;;Oui
470;;alaka port survette alum 2p;qte;0,00;0,00;20,00;0,00;0,00;;Oui
471;;boit savon inox vesko;qte;0,00;0,00;20,00;0,00;0,00;;Oui
472;;robinet docha exel;qte;0,00;0,00;20,00;0,00;0,00;;Oui
473;;suport savaon grand possoir armatura;qte;0,00;0,00;20,00;0,00;0,00;;Oui
474;;suport savon petit possoir armatura;qte;0,00;0,00;20,00;0,00;0,00;;Oui
475;;papier gynique alum armateura;qte;0,00;0,00;20,00;0,00;0,00;;Oui
476;;sifon 20mm rouge rolin;qte;0,00;0,00;20,00;0,00;0,00;;Oui
477;;sifon 30mm ps;qte;0,00;0,00;20,00;0,00;0,00;;Oui
478;;boit survette chrome relax;qte;0,00;0,00;20,00;0,00;0,00;;Oui
479;;boit survette chrome mcpool carre;qte;0,00;0,00;20,00;0,00;0,00;;Oui
480;;robinet cocina hayt vaser bared;qte;0,00;0,00;20,00;0,00;0,00;;Oui
481;;rachacha best chrome inox;qte;0,00;0,00;20,00;0,00;0,00;;Oui
482;;port savon blanc best;qte;0,00;0,00;20,00;0,00;0,00;;Oui
483;;alaka dl9ant basta 2p chrome;qte;0,00;0,00;20,00;0,00;0,00;;Oui
484;;alaka dl9ant basta 2p noir;qte;0,00;0,00;20,00;0,00;0,00;;Oui
485;;port docha 3p;qte;0,00;0,00;20,00;0,00;0,00;;Oui
486;;tobo docha 1,10-2mt 1p;qte;0,00;0,00;20,00;0,00;0,00;;Oui
487;;tobo docha 0,70-1,20mt 1p;qte;0,00;0,00;20,00;0,00;0,00;;Oui
488;;semta tzyir 2*10mt;qte;0,00;0,00;20,00;0,00;0,00;;Oui
489;;sifon 30cm alp inox;qte;0,00;0,00;20,00;0,00;0,00;;Oui
490;;sifon 40cm alp inox;qte;0,00;0,00;20,00;0,00;0,00;;Oui
491;;sifon 50cm*6 rolin chrome;qte;0,00;0,00;20,00;0,00;0,00;;Oui
492;;sifon 40cm*6 rolin chrome;qte;0,00;0,00;20,00;0,00;0,00;;Oui
493;;sifon 40cm*6 rolin noir;qte;0,00;0,00;20,00;0,00;0,00;;Oui
494;;sifon 30cm chrome corallo;qte;0,00;0,00;20,00;0,00;0,00;;Oui
495;;sifon 40cm chrome floor;qte;0,00;0,00;20,00;0,00;0,00;;Oui
496;;sifon 40cm noir floor;qte;0,00;0,00;20,00;0,00;0,00;;Oui
497;;sifon 20cm chrome floor;qte;0,00;0,00;20,00;0,00;0,00;;Oui
498;;sifon 20cm noir;qte;0,00;0,00;20,00;0,00;0,00;;Oui
499;;sifon 30cm*6 noir rolin;qte;0,00;0,00;20,00;0,00;0,00;;Oui
500;;sifon 20cm mondial;qte;0,00;0,00;20,00;0,00;0,00;;Oui
501;;sifon 20cm alp inox;qte;0,00;0,00;20,00;0,00;0,00;;Oui
502;;sifon 60cm mesa inox;qte;0,00;0,00;20,00;0,00;0,00;;Oui
503;;sifon 10*15cm inox floor version1;qte;0,00;0,00;20,00;0,00;0,00;;Oui
504;;sifon 10*15cm inox floor version2;qte;0,00;0,00;20,00;0,00;0,00;;Oui
505;;metro 5mt 3adi mondial;qte;0,00;0,00;20,00;0,00;0,00;;Oui
506;;mitro 3mt;qte;0,00;0,00;20,00;0,00;0,00;;Oui
507;;metro 3mt betta rkik;qte;0,00;0,00;20,00;0,00;0,00;;Oui
508;;metro 5mt betta ghled;qte;0,00;0,00;20,00;0,00;0,00;;Oui
509;;metro 8mt facom;qte;0,00;0,00;20,00;0,00;0,00;;Oui
510;;sifon 10*10 code top-level agua-vec;qte;0,00;0,00;20,00;0,00;0,00;;Oui
511;;sifon 10*10 code nicol;qte;0,00;0,00;20,00;0,00;0,00;;Oui
512;;alaka 9ant armatura 2p;qte;0,00;0,00;20,00;0,00;0,00;;Oui
513;;robinet cocina hayt exel;qte;0,00;0,00;20,00;0,00;0,00;;Oui
514;;khayt d bni;qte;0,00;0,00;20,00;0,00;0,00;;Oui
515;;sifon 40mm*8 mna9ar rolin;qte;0,00;0,00;20,00;0,00;0,00;;Oui
516;;sifon 30mm mna9ar mondial;qte;0,00;0,00;20,00;0,00;0,00;;Oui
517;;campana 100 plastique clemed;qte;0,00;0,00;20,00;0,00;0,00;;Oui
518;;fousible chant 16A;qte;0,00;0,00;20,00;0,00;0,00;;Oui
519;;sifon 20mm felle-steel;qte;0,00;0,00;20,00;0,00;0,00;;Oui
520;;campana 110 hdid 2p;qte;0,00;0,00;20,00;0,00;0,00;;Oui
521;;campana 100 hdid 2p;qte;0,00;0,00;20,00;0,00;0,00;;Oui
522;;campana 100 clemed;qte;0,00;0,00;20,00;0,00;0,00;;Oui
523;;dochita dahbia palaman;qte;0,00;0,00;20,00;0,00;0,00;;Oui
524;;robinet cocina tabla exel;qte;0,00;0,00;20,00;0,00;0,00;;Oui
525;;9ant zaj glomer;qte;0,00;0,00;20,00;0,00;0,00;;Oui
526;;sipeyo desco hdid grand;qte;0,00;0,00;20,00;0,00;0,00;;Oui
527;;campana 3p hdid;qte;0,00;0,00;20,00;0,00;0,00;;Oui
528;;spray blanc crema;qte;0,00;0,00;20,00;0,00;0,00;;Oui
529;;spray gris;qte;0,00;0,00;20,00;0,00;0,00;;Oui
530;;campana 15*15;qte;0,00;0,00;20,00;0,00;0,00;;Oui
531;;lakat ppr epica;qte;0,00;0,00;20,00;0,00;0,00;;Oui
532;;spray gris fonce;qte;0,00;0,00;20,00;0,00;0,00;;Oui
533;;jabengliza 10mm petit smash;qte;0,00;0,00;20,00;0,00;0,00;;Oui
534;;javengliza 12mm petit grand;qte;0,00;0,00;20,00;0,00;0,00;;Oui
535;;spray bleu;qte;0,00;0,00;20,00;0,00;0,00;;Oui
536;;spray junne;qte;0,00;0,00;20,00;0,00;0,00;;Oui
537;;campana 20*20;qte;0,00;0,00;20,00;0,00;0,00;;Oui
538;;ferfara se9i splinklers;qte;0,00;0,00;20,00;0,00;0,00;;Oui
539;;campana 125 clemed;qte;0,00;0,00;20,00;0,00;0,00;;Oui
540;;spatola 1 merican;qte;0,00;0,00;20,00;0,00;0,00;;Oui
541;;spatola 2 merican 50mm;qte;0,00;0,00;20,00;0,00;0,00;;Oui
542;;mecanisme idro spain;qte;0,00;0,00;20,00;0,00;0,00;;Oui
543;;alaka 1p blanc;qte;0,00;0,00;20,00;0,00;0,00;;Oui
544;;cola pvc petit 75ml;qte;0,00;0,00;20,00;0,00;0,00;;Oui
545;;dochita noir rianno;qte;0,00;0,00;20,00;0,00;0,00;;Oui
546;;dochita mna9ar samplast;qte;0,00;0,00;20,00;0,00;0,00;;Oui
547;;arkam nhas;qte;0,00;0,00;20,00;0,00;0,00;;Oui
548;;sifon 11*33mm silver;qte;0,00;0,00;20,00;0,00;0,00;;Oui
549;;cola 125ml quilosa;qte;0,00;0,00;20,00;0,00;0,00;;Oui
550;;laki mate doko 1/4 noir;qte;0,00;0,00;20,00;0,00;0,00;;Oui
551;;mate doko 1/4 noir;qte;0,00;0,00;20,00;0,00;0,00;;Oui
552;;noir 500g doko;qte;0,00;0,00;20,00;0,00;0,00;;Oui
553;;tornios 1p robinet lavabo;qte;0,00;0,00;20,00;0,00;0,00;;Oui
554;;laki doko 1/4 blanc;qte;0,00;0,00;20,00;0,00;0,00;;Oui
555;;tornios 2p robinet lavabo;qte;0,00;0,00;20,00;0,00;0,00;;Oui
556;;blanc 1kg doko atlas;qte;0,00;0,00;20,00;0,00;0,00;;Oui
557;;laki doko 1/4 gris;qte;0,00;0,00;20,00;0,00;0,00;;Oui
558;;minium rouge atlas;qte;0,00;0,00;20,00;0,00;0,00;;Oui
559;;laki mate 1kg noir atlas;qte;0,00;0,00;20,00;0,00;0,00;;Oui
560;;minium gris 1kg sodisco;qte;0,00;0,00;20,00;0,00;0,00;;Oui
561;;minium gris 500gr sodisco;qte;0,00;0,00;20,00;0,00;0,00;;Oui
562;;laki auto 1/8 blanc;qte;0,00;0,00;20,00;0,00;0,00;;Oui
563;;laki auto 1/8 crema;qte;0,00;0,00;20,00;0,00;0,00;;Oui
564;;rachacha piano germano;qte;0,00;0,00;20,00;0,00;0,00;;Oui
565;;laki 500gr colorado;qte;0,00;0,00;20,00;0,00;0,00;;Oui
566;;laki 1/4 atlas;qte;0,00;0,00;20,00;0,00;0,00;;Oui
567;;laki auto 1/4 tous les colores;qte;0,00;0,00;20,00;0,00;0,00;;Oui
568;;laki auto 1/4 crema;qte;0,00;0,00;20,00;0,00;0,00;;Oui
569;;campana 25*25 clemed;qte;0,00;0,00;20,00;0,00;0,00;;Oui
570;;laki auto 1/8 tous les colores;qte;0,00;0,00;20,00;0,00;0,00;;Oui
571;;berniz 500gr brillant eurotex;qte;0,00;0,00;20,00;0,00;0,00;;Oui
572;;berniz 500gr  eurotex 1004;qte;0,00;0,00;20,00;0,00;0,00;;Oui
573;;spuma asmaco;qte;0,00;0,00;20,00;0,00;0,00;;Oui
574;;berniz mate madnil 1kg;qte;0,00;0,00;20,00;0,00;0,00;;Oui
575;;berniz brio madnil 1kg;qte;0,00;0,00;20,00;0,00;0,00;;Oui
576;;laki 500gr atlas marron;qte;0,00;0,00;20,00;0,00;0,00;;Oui
577;;laki 500gr atlas blanc;qte;0,00;0,00;20,00;0,00;0,00;;Oui
578;;laki 500gr atlas noir;qte;0,00;0,00;20,00;0,00;0,00;;Oui
579;;robinet docha zemith;qte;0,00;0,00;20,00;0,00;0,00;;Oui
580;;cho3a3 mna9ar 1kg;qte;0,00;0,00;20,00;0,00;0,00;;Oui
581;;landwi astral 1kg;qte;0,00;0,00;20,00;0,00;0,00;;Oui
582;;cola pvc 250gr;qte;0,00;0,00;20,00;0,00;0,00;;Oui
583;;masia atlas 1kg  blanc;qte;0,00;0,00;20,00;0,00;0,00;;Oui
584;;forkha 1kg titan vert;qte;0,00;0,00;20,00;0,00;0,00;;Oui
585;;masia atlas 1kg rouge;qte;0,00;0,00;20,00;0,00;0,00;;Oui
586;;berniz brillant 1kg eurotex;qte;0,00;0,00;20,00;0,00;0,00;;Oui
587;;doco 1kg noir;qte;0,00;0,00;20,00;0,00;0,00;;Oui
588;;jupeter petit sodesco;qte;0,00;0,00;20,00;0,00;0,00;;Oui
589;;titan lac italy htm;qte;0,00;0,00;20,00;0,00;0,00;;Oui
590;;laki 1/4 sodisco;qte;0,00;0,00;20,00;0,00;0,00;;Oui
591;;berniz 1004 1kg eurotex;qte;0,00;0,00;20,00;0,00;0,00;;Oui
592;;mdahab cho3a3 1/8 atlas;qte;0,00;0,00;20,00;0,00;0,00;;Oui
593;;wait sperit grand;qte;0,00;0,00;20,00;0,00;0,00;;Oui
594;;cho3a3 mdahab 1/4;qte;0,00;0,00;20,00;0,00;0,00;;Oui
595;;ras rachacha shower hand;qte;0,00;0,00;20,00;0,00;0,00;;Oui
596;;dolio sodisco grand;qte;0,00;0,00;20,00;0,00;0,00;;Oui
597;;ras rachacha shower;qte;0,00;0,00;20,00;0,00;0,00;;Oui
598;;tacon losa gmr compacto;qte;0,00;0,00;20,00;0,00;0,00;;Oui
599;;lakat losa compacto gmr;qte;0,00;0,00;20,00;0,00;0,00;;Oui
600;;loba 12 ff italy;qte;0,00;0,00;20,00;0,00;0,00;;Oui
601;;loba 14 ff italy;qte;0,00;0,00;20,00;0,00;0,00;;Oui
602;;bik cocina mna9ar rosor shomar;qte;0,00;0,00;20,00;0,00;0,00;;Oui
603;;piko dingui;qte;0,00;0,00;20,00;0,00;0,00;;Oui
604;;mae kata3 kalyon;qte;0,00;0,00;20,00;0,00;0,00;;Oui
605;;grjouta 40 bla barbora ozrost;qte;0,00;0,00;20,00;0,00;0,00;;Oui
606;;brasadira 50 avec joint;qte;0,00;0,00;20,00;0,00;0,00;;Oui
607;;brasadira 100 jb;qte;0,00;0,00;20,00;0,00;0,00;;Oui
608;;brasadira 40 avec joint;qte;0,00;0,00;20,00;0,00;0,00;;Oui
609;;bota gaz bleu;qte;0,00;0,00;20,00;0,00;0,00;;Oui
610;;flexible twil 60mm 1/2/1/2;qte;0,00;0,00;20,00;0,00;0,00;;Oui
611;;flixible twil 50mm 1/2/1/2;qte;0,00;0,00;20,00;0,00;0,00;;Oui
612;;brasadira 32 avec joint;qte;0,00;0,00;20,00;0,00;0,00;;Oui
613;;robinet lavabo zemith;qte;0,00;0,00;20,00;0,00;0,00;;Oui
614;;mae kata3 likid handiron;qte;0,00;0,00;20,00;0,00;0,00;;Oui
615;;brasadira 160 avec joint;qte;0,00;0,00;20,00;0,00;0,00;;Oui
616;;brasadira 200 avec joint;qte;0,00;0,00;20,00;0,00;0,00;;Oui
617;;grizil;qte;0,00;0,00;20,00;0,00;0,00;;Oui
618;;brasadira 100;qte;0,00;0,00;20,00;0,00;0,00;;Oui
619;;brasadira 125;qte;0,00;0,00;20,00;0,00;0,00;;Oui
620;;sifon 30mm inox flonox;qte;0,00;0,00;20,00;0,00;0,00;;Oui
621;;gancho parabol brasadira;qte;0,00;0,00;20,00;0,00;0,00;;Oui
622;;likha disco hak petit;qte;0,00;0,00;20,00;0,00;0,00;;Oui
623;;grjouta 40 virona;qte;0,00;0,00;20,00;0,00;0,00;;Oui
624;;grjouta 32 aqua-som;qte;0,00;0,00;20,00;0,00;0,00;;Oui
625;;brmil broda 1ere eurotex rouge;qte;0,00;0,00;20,00;0,00;0,00;;Oui
626;;lesak special maxi-fix;qte;0,00;0,00;20,00;0,00;0,00;;Oui
627;;brmil broda 2eme eurotex rouge;qte;0,00;0,00;20,00;0,00;0,00;;Oui
628;;bemil broda 2eme eurotex blanc;qte;0,00;0,00;20,00;0,00;0,00;;Oui
629;;plastique leder 30kg;qte;0,00;0,00;20,00;0,00;0,00;;Oui
630;;plastique itree 30kg;qte;0,00;0,00;20,00;0,00;0,00;;Oui
631;;flinkot 20kg;qte;0,00;0,00;20,00;0,00;0,00;;Oui
632;;brmil broda 1ere eurotex blanc;qte;0,00;0,00;20,00;0,00;0,00;;Oui
633;;atlas broda 20kg blanc;qte;0,00;0,00;20,00;0,00;0,00;;Oui
634;;atlas broda 20kg rouge;qte;0,00;0,00;20,00;0,00;0,00;;Oui
635;;plastique colomax 10kg;qte;0,00;0,00;20,00;0,00;0,00;;Oui
636;;plastique itree 10kg;qte;0,00;0,00;20,00;0,00;0,00;;Oui
637;;plastique leder 10kg;qte;0,00;0,00;20,00;0,00;0,00;;Oui
638;;fayrouz 100;qte;0,00;0,00;20,00;0,00;0,00;;Oui
639;;plastique itree 5kg;qte;0,00;0,00;20,00;0,00;0,00;;Oui
640;;tapaporo colorado 5kg;qte;0,00;0,00;20,00;0,00;0,00;;Oui
641;;brniz sadvel 5kg brio;qte;0,00;0,00;20,00;0,00;0,00;;Oui
642;;brniz sadvel 5kg mate;qte;0,00;0,00;20,00;0,00;0,00;;Oui
643;;sbagha broda astral 5kg rouge;qte;0,00;0,00;20,00;0,00;0,00;;Oui
644;;sbagha broda 5kg eurotex 2eme blanc;qte;0,00;0,00;20,00;0,00;0,00;;Oui
645;;sbagha broda 5kg eurotex 1eme rouge;qte;0,00;0,00;20,00;0,00;0,00;;Oui
646;;sbagha broda 5kg eurotex 1ere blanc;qte;0,00;0,00;20,00;0,00;0,00;;Oui
647;;fayrouz 160;qte;0,00;0,00;20,00;0,00;0,00;;Oui
648;;fayrouz 161;qte;0,00;0,00;20,00;0,00;0,00;;Oui
649;;fayrouz 113;qte;0,00;0,00;20,00;0,00;0,00;;Oui
650;;fayrouz 125;qte;0,00;0,00;20,00;0,00;0,00;;Oui
651;;sbagha broda 5kg eurotex 2eme rouge;qte;0,00;0,00;20,00;0,00;0,00;;Oui
652;;sbagha broda 5kg atlas;qte;0,00;0,00;20,00;0,00;0,00;;Oui
653;;plastique 5kg eurotex;qte;0,00;0,00;20,00;0,00;0,00;;Oui
654;;sbagha broda 3adia rouge;qte;0,00;0,00;20,00;0,00;0,00;;Oui
655;;landwi 5kg atlas;qte;0,00;0,00;20,00;0,00;0,00;;Oui
656;;laki 5kg atlas blanc;qte;0,00;0,00;20,00;0,00;0,00;;Oui
657;;laki 5kg atlas noir;qte;0,00;0,00;20,00;0,00;0,00;;Oui
658;;laki 5kg k-10 gris mftoh;qte;0,00;0,00;20,00;0,00;0,00;;Oui
659;;laki 5kg k-10 gris mghlo9;qte;0,00;0,00;20,00;0,00;0,00;;Oui
660;;laki 5kg k-10 rouge;qte;0,00;0,00;20,00;0,00;0,00;;Oui
661;;laki 5kg k-10 bleu;qte;0,00;0,00;20,00;0,00;0,00;;Oui
662;;laki 5kg k-10 sfar;qte;0,00;0,00;20,00;0,00;0,00;;Oui
663;;fousible chant 25A;qte;0,00;0,00;20,00;0,00;0,00;;Oui
664;;sbagha deri 5kg sodisco sfar mghlo9;qte;0,00;0,00;20,00;0,00;0,00;;Oui
665;;laki 5kg seraflix bleu;qte;0,00;0,00;20,00;0,00;0,00;;Oui
666;;laki 5kg seraflix crema;qte;0,00;0,00;20,00;0,00;0,00;;Oui
667;;laki 5kg seraflix rouge;qte;0,00;0,00;20,00;0,00;0,00;;Oui
668;;laki 5kg sonaclor bleu;qte;0,00;0,00;20,00;0,00;0,00;;Oui
669;;laki 5kg sonaclor sfar;qte;0,00;0,00;20,00;0,00;0,00;;Oui
670;;laki 5kg luggi color blanc;qte;0,00;0,00;20,00;0,00;0,00;;Oui
671;;flinkot 5kg;qte;0,00;0,00;20,00;0,00;0,00;;Oui
672;;laki 5kg luggi color gris;qte;0,00;0,00;20,00;0,00;0,00;;Oui
673;;laki 5kg loggi color rouge;qte;0,00;0,00;20,00;0,00;0,00;;Oui
674;;plastique 5kg  colomax;qte;0,00;0,00;20,00;0,00;0,00;;Oui
675;;laki 5kg mate atlas blanc;qte;0,00;0,00;20,00;0,00;0,00;;Oui
676;;cola 4kg atlas;qte;0,00;0,00;20,00;0,00;0,00;;Oui
677;;cola 4kg fixolit;qte;0,00;0,00;20,00;0,00;0,00;;Oui
678;;karata grand;qte;0,00;0,00;20,00;0,00;0,00;;Oui
679;;karata petit;qte;0,00;0,00;20,00;0,00;0,00;;Oui
680;;paso 20 ifan;qte;0,00;0,00;20,00;0,00;0,00;;Oui
681;;chtaba bab;qte;0,00;0,00;20,00;0,00;0,00;;Oui
682;;rochka seterna;qte;0,00;0,00;20,00;0,00;0,00;;Oui
683;;karata d bab;qte;0,00;0,00;20,00;0,00;0,00;;Oui
684;;tee 63 pulitine;qte;0,00;0,00;20,00;0,00;0,00;;Oui
685;;code 63 pulitine;qte;0,00;0,00;20,00;0,00;0,00;;Oui
686;;code 63 brochka pulitine;qte;0,00;0,00;20,00;0,00;0,00;;Oui
687;;mancho 50 pulitine;qte;0,00;0,00;20,00;0,00;0,00;;Oui
688;;tee 40 pulitine;qte;0,00;0,00;20,00;0,00;0,00;;Oui
689;;spatola ramos pigoen;qte;0,00;0,00;20,00;0,00;0,00;;Oui
690;;motor 0,5hp zintec;qte;0,00;0,00;20,00;0,00;0,00;;Oui
691;;tee 50 pulitine;qte;0,00;0,00;20,00;0,00;0,00;;Oui
692;;code 50 pulitine;qte;0,00;0,00;20,00;0,00;0,00;;Oui
693;;racor 50 brochka pulitine femelle;qte;0,00;0,00;20,00;0,00;0,00;;Oui
694;;mraya 50*40 p,s;qte;0,00;0,00;20,00;0,00;0,00;;Oui
695;;racor 50 brochka pulitine male;qte;0,00;0,00;20,00;0,00;0,00;;Oui
696;;juego docha p,s;qte;0,00;0,00;20,00;0,00;0,00;;Oui
697;;racor 40 brochka pulitine male;qte;0,00;0,00;20,00;0,00;0,00;;Oui
698;;code 40 pulitine;qte;0,00;0,00;20,00;0,00;0,00;;Oui
699;;tobo chimina 160 vilda;qte;0,00;0,00;20,00;0,00;0,00;;Oui
700;;tobo chiminia 200 vilda;qte;0,00;0,00;20,00;0,00;0,00;;Oui
701;;mancho 32 pulitine;qte;0,00;0,00;20,00;0,00;0,00;;Oui
702;;tobo chiminia 100 samili;qte;0,00;0,00;20,00;0,00;0,00;;Oui
703;;tobo chiminia 110;qte;0,00;0,00;20,00;0,00;0,00;;Oui
704;;tobo chiminia 110 vilda;qte;0,00;0,00;20,00;0,00;0,00;;Oui
705;;tobo chiminia 125;qte;0,00;0,00;20,00;0,00;0,00;;Oui
706;;mancho 40 pulitine;qte;0,00;0,00;20,00;0,00;0,00;;Oui
707;;code 25/3/4 pulitine;qte;0,00;0,00;20,00;0,00;0,00;;Oui
708;;spatola fyrouz plana;qte;0,00;0,00;20,00;0,00;0,00;;Oui
709;;fertas grifi;qte;0,00;0,00;20,00;0,00;0,00;;Oui
710;;code 32 pulitine brochka male;qte;0,00;0,00;20,00;0,00;0,00;;Oui
711;;racor 32 pulitine brochka male;qte;0,00;0,00;20,00;0,00;0,00;;Oui
712;;vanne 20 pulitine;qte;0,00;0,00;20,00;0,00;0,00;;Oui
713;;rediction 20/25 pulitine;qte;0,00;0,00;20,00;0,00;0,00;;Oui
714;;racor 25/3/4 pulitine male;qte;0,00;0,00;20,00;0,00;0,00;;Oui
715;;code 32 pulitine  version1;qte;0,00;0,00;20,00;0,00;0,00;;Oui
716;;tee 25/3/4 pulitine fumelle;qte;0,00;0,00;20,00;0,00;0,00;;Oui
717;;racor 32/1 brochka pulitine fumelle;qte;0,00;0,00;20,00;0,00;0,00;;Oui
718;;racor 25/3/4 pulitine fumelle;qte;0,00;0,00;20,00;0,00;0,00;;Oui
719;;chtaba coco;qte;0,00;0,00;20,00;0,00;0,00;;Oui
720;;chtaba 3adiya;qte;0,00;0,00;20,00;0,00;0,00;;Oui
721;;code 25 pulitine;qte;0,00;0,00;20,00;0,00;0,00;;Oui
722;;mancho 20 pulitine;qte;0,00;0,00;20,00;0,00;0,00;;Oui
723;;lavabo cocina 40*50 vilda;qte;0,00;0,00;20,00;0,00;0,00;;Oui
724;;lavabo cocina 50*90 vilda;qte;0,00;0,00;20,00;0,00;0,00;;Oui
725;;lavabo cocina 50*1,20 peramyd;qte;0,00;0,00;20,00;0,00;0,00;;Oui
726;;tee 20 brochka pulitine;qte;0,00;0,00;20,00;0,00;0,00;;Oui
727;;lavabo cocina 78*43 italy;qte;0,00;0,00;20,00;0,00;0,00;;Oui
728;;lavabo cocina doble 80*45 vila;qte;0,00;0,00;20,00;0,00;0,00;;Oui
729;;tee 25 pulitine version1;qte;0,00;0,00;20,00;0,00;0,00;;Oui
730;;lavabo 40*50 3adi;qte;0,00;0,00;20,00;0,00;0,00;;Oui
731;;mancho 25 abrisa;qte;0,00;0,00;20,00;0,00;0,00;;Oui
732;;lavabo cocine 80*40 crevar;qte;0,00;0,00;20,00;0,00;0,00;;Oui
733;;tee 25 pulitine abrisa;qte;0,00;0,00;20,00;0,00;0,00;;Oui
734;;tee 25/1/2 pulitine abrisa;qte;0,00;0,00;20,00;0,00;0,00;;Oui
735;;tee 20 1/2 pulitine abrisa;qte;0,00;0,00;20,00;0,00;0,00;;Oui
736;;lavabo cocine 90*50 frando;qte;0,00;0,00;20,00;0,00;0,00;;Oui
737;;lavabo cocina 52*43 vilda;qte;0,00;0,00;20,00;0,00;0,00;;Oui
738;;mancho 20 pulitine abrisa;qte;0,00;0,00;20,00;0,00;0,00;;Oui
739;;code 1/2 pulitine abrisa;qte;0,00;0,00;20,00;0,00;0,00;;Oui
740;;tee 20 pulitine brisa;qte;0,00;0,00;20,00;0,00;0,00;;Oui
741;;code 20 pulitine brisa;qte;0,00;0,00;20,00;0,00;0,00;;Oui
742;;lavabo cocina 40*45 siakom;qte;0,00;0,00;20,00;0,00;0,00;;Oui
743;;lavabo cocina 40*50 asil;qte;0,00;0,00;20,00;0,00;0,00;;Oui
744;;lavabo cocina 38*48 sinkon;qte;0,00;0,00;20,00;0,00;0,00;;Oui
745;;rediction bide 5p;qte;0,00;0,00;20,00;0,00;0,00;;Oui
746;;lavabo cocina 63*45 mdwar italy;qte;0,00;0,00;20,00;0,00;0,00;;Oui
747;;lavabo cocina 50*40 mdwar italy;qte;0,00;0,00;20,00;0,00;0,00;;Oui
748;;lavabo cocina 50*40 3adi;qte;0,00;0,00;20,00;0,00;0,00;;Oui
749;;sifon 10*10;qte;0,00;0,00;20,00;0,00;0,00;;Oui
750;;lavabo 38*37 valsky;qte;0,00;0,00;20,00;0,00;0,00;;Oui
751;;sifon 10*10 plastique version1;qte;0,00;0,00;20,00;0,00;0,00;;Oui
752;;lavabo cocina 50*40 sanivy;qte;0,00;0,00;20,00;0,00;0,00;;Oui
753;;sifon 10*10 plastique ps;qte;0,00;0,00;20,00;0,00;0,00;;Oui
754;;lavabo cocina 60*45 asel;qte;0,00;0,00;20,00;0,00;0,00;;Oui
755;;sifon docha 6*10 plastique;qte;0,00;0,00;20,00;0,00;0,00;;Oui
756;;sifon 10*10 plastique version2;qte;0,00;0,00;20,00;0,00;0,00;;Oui
757;;lavabo cocina pronto 75*46;qte;0,00;0,00;20,00;0,00;0,00;;Oui
758;;goma 25mt clemed;qte;0,00;0,00;20,00;0,00;0,00;;Oui
759;;goma 20mt clemed;qte;0,00;0,00;20,00;0,00;0,00;;Oui
760;;javi dipasoo;qte;0,00;0,00;20,00;0,00;0,00;;Oui
761;;rwayed barwita;qte;0,00;0,00;20,00;0,00;0,00;;Oui
762;;paso 20 arax;qte;0,00;0,00;20,00;0,00;0,00;;Oui
763;;hdida parabol;qte;0,00;0,00;20,00;0,00;0,00;;Oui
764;;goma s9i 25 sfar;qte;0,00;0,00;20,00;0,00;0,00;;Oui
765;;chtaba toilette;qte;0,00;0,00;20,00;0,00;0,00;;Oui
766;;sifon 20*20 plastique lago;qte;0,00;0,00;20,00;0,00;0,00;;Oui
767;;code 50 brochka pulitine male;qte;0,00;0,00;20,00;0,00;0,00;;Oui
768;;code 50 brochka pulitine fumelle;qte;0,00;0,00;20,00;0,00;0,00;;Oui
769;;code 40 brochka fumelle;qte;0,00;0,00;20,00;0,00;0,00;;Oui
770;;vanne 40 pulitine;qte;0,00;0,00;20,00;0,00;0,00;;Oui
771;;sifon 15*15 code;qte;0,00;0,00;20,00;0,00;0,00;;Oui
772;;pestol grasa petit;qte;0,00;0,00;20,00;0,00;0,00;;Oui
773;;sifon 10*10 code ps;qte;0,00;0,00;20,00;0,00;0,00;;Oui
774;;loba 12 gmr;qte;0,00;0,00;20,00;0,00;0,00;;Oui
775;;disque hdid zezoir ecoplus;qte;0,00;0,00;20,00;0,00;0,00;;Oui
776;;losa 20*20 blanc;qte;0,00;0,00;20,00;0,00;0,00;;Oui
777;;losa 20*20 marron;qte;0,00;0,00;20,00;0,00;0,00;;Oui
778;;losa 20*20 bleu;qte;0,00;0,00;20,00;0,00;0,00;;Oui
779;;cola losa batiston;qte;0,00;0,00;20,00;0,00;0,00;;Oui
780;;landwi lux m3joun;qte;0,00;0,00;20,00;0,00;0,00;;Oui
781;;lanwi gelatine m3joun;qte;0,00;0,00;20,00;0,00;0,00;;Oui
782;;landwi arcol taba3 azra9 m3joun;qte;0,00;0,00;20,00;0,00;0,00;;Oui
783;;landwi azra9 3adi m3joun;qte;0,00;0,00;20,00;0,00;0,00;;Oui
784;;landwi farchada arcol ghabra;qte;0,00;0,00;20,00;0,00;0,00;;Oui
785;;landwi atlas ghabra;qte;0,00;0,00;20,00;0,00;0,00;;Oui
786;;sika 3adia 1kg ghabra;qte;0,00;0,00;20,00;0,00;0,00;;Oui
787;;sika 1kg sika ghabra;qte;0,00;0,00;20,00;0,00;0,00;;Oui
788;;sika 500gr sika ghabra;qte;0,00;0,00;20,00;0,00;0,00;;Oui
789;;sidisa 25*40 jami3 anwa3;qte;0,00;0,00;20,00;0,00;0,00;;Oui
790;;hrawa pala;qte;0,00;0,00;20,00;0,00;0,00;;Oui
791;;hrawa piko;qte;0,00;0,00;20,00;0,00;0,00;;Oui
792;;goma dlma bleu;qte;0,00;0,00;20,00;0,00;0,00;;Oui
793;;goma 25 pvc;qte;0,00;0,00;20,00;0,00;0,00;;Oui
794;;goma 20 pvc;qte;0,00;0,00;20,00;0,00;0,00;;Oui
795;;losa dersa 25*50 516;qte;0,00;0,00;20,00;0,00;0,00;;Oui
796;;tobo rutube 16 italy;qte;0,00;0,00;20,00;0,00;0,00;;Oui
797;;losa 60*20 valcerame;qte;0,00;0,00;20,00;0,00;0,00;;Oui
798;;losa 60*20 super version1;qte;0,00;0,00;20,00;0,00;0,00;;Oui
799;;losa 60*20 super version2;qte;0,00;0,00;20,00;0,00;0,00;;Oui
800;;losa 50*25 ghorghiz;qte;0,00;0,00;20,00;0,00;0,00;;Oui
801;;losa 50*25 crestal 2eme;qte;0,00;0,00;20,00;0,00;0,00;;Oui
802;;losa 25*50 super azur;qte;0,00;0,00;20,00;0,00;0,00;;Oui
803;;sinifa docha 50mm chma3a;qte;0,00;0,00;20,00;0,00;0,00;;Oui
804;;sinifa docha 50mm rose;qte;0,00;0,00;20,00;0,00;0,00;;Oui
805;;sinifa cocina 50mm crema;qte;0,00;0,00;20,00;0,00;0,00;;Oui
806;;sinifa versace noir 50mm;qte;0,00;0,00;20,00;0,00;0,00;;Oui
807;;losa 60*20 super version3;qte;0,00;0,00;20,00;0,00;0,00;;Oui
808;;sinifa 50mm azulex noir;qte;0,00;0,00;20,00;0,00;0,00;;Oui
809;;sinifa 50mm azulex crema;qte;0,00;0,00;20,00;0,00;0,00;;Oui
810;;decor 25*50;qte;0,00;0,00;20,00;0,00;0,00;;Oui
811;;losa 35*35 1ere;qte;0,00;0,00;20,00;0,00;0,00;;Oui
812;;losa 35*35 eco version2;qte;0,00;0,00;20,00;0,00;0,00;;Oui
813;;robinet msa 3adi;qte;0,00;0,00;20,00;0,00;0,00;;Oui
814;;robinet cocina hayt zemith;qte;0,00;0,00;20,00;0,00;0,00;;Oui
815;;guego docha alum;qte;0,00;0,00;20,00;0,00;0,00;;Oui
816;;guego docha noir;qte;0,00;0,00;20,00;0,00;0,00;;Oui
817;;guego docha noir quiguan;qte;0,00;0,00;20,00;0,00;0,00;;Oui
818;;rachacha noir complet;qte;0,00;0,00;20,00;0,00;0,00;;Oui
819;;robinet chrome 3adi;qte;0,00;0,00;20,00;0,00;0,00;;Oui
820;;rkab lavadora;qte;0,00;0,00;20,00;0,00;0,00;;Oui
821;;juego mdahba quiguan;qte;0,00;0,00;20,00;0,00;0,00;;Oui
822;;poussoir lavabo clemed;qte;0,00;0,00;20,00;0,00;0,00;;Oui
823;;robinet nos dawra kupp;qte;0,00;0,00;20,00;0,00;0,00;;Oui
824;;ghataya tasa mrb3a hakestam;qte;0,00;0,00;20,00;0,00;0,00;;Oui
825;;ghataya tasa mdwra aquasom;qte;0,00;0,00;20,00;0,00;0,00;;Oui
826;;rachacha sanilum complet gold;qte;0,00;0,00;20,00;0,00;0,00;;Oui
827;;rachacha sanilum complet noir;qte;0,00;0,00;20,00;0,00;0,00;;Oui
828;;hajra sakhan camelion;qte;0,00;0,00;20,00;0,00;0,00;;Oui
829;;fousible chant 32A;qte;0,00;0,00;20,00;0,00;0,00;;Oui
830;;poussoir kupp mna9ar;qte;0,00;0,00;20,00;0,00;0,00;;Oui
831;;poussoir kupp noir;qte;0,00;0,00;20,00;0,00;0,00;;Oui
832;;robinet 3adi sanitary;qte;0,00;0,00;20,00;0,00;0,00;;Oui
833;;tmas 1/2 ifan;qte;0,00;0,00;20,00;0,00;0,00;;Oui
834;;rachacha complet vero;qte;0,00;0,00;20,00;0,00;0,00;;Oui
835;;robinet brasco;qte;0,00;0,00;20,00;0,00;0,00;;Oui
836;;rachacha noir high grade;qte;0,00;0,00;20,00;0,00;0,00;;Oui
837;;fayrouz 133;qte;0,00;0,00;20,00;0,00;0,00;;Oui
838;;lavabo 9ant vilda;qte;0,00;0,00;20,00;0,00;0,00;;Oui
839;;lave main moyen orca;qte;0,00;0,00;20,00;0,00;0,00;;Oui
840;;rachacha 25*25 noir;qte;0,00;0,00;20,00;0,00;0,00;;Oui
841;;rachacha 25*25 chrome;qte;0,00;0,00;20,00;0,00;0,00;;Oui
842;;robinet cocina tabla zemith;qte;0,00;0,00;20,00;0,00;0,00;;Oui
843;;rachacha sanilum chrome;qte;0,00;0,00;20,00;0,00;0,00;;Oui
844;;Lavabo caree;qte;0,00;0,00;20,00;0,00;0,00;;Oui
845;;code 20/1/2 kalde;qte;0,00;0,00;20,00;0,00;0,00;;Oui
846;;tee 25/3/4 kalde;qte;0,00;0,00;20,00;0,00;0,00;;Oui
847;;code 25/3/4 ifan;qte;0,00;0,00;20,00;0,00;0,00;;Oui
848;;code 25 ifan;qte;0,00;0,00;20,00;0,00;0,00;;Oui
849;;tmas3/4 plastique;qte;0,00;0,00;20,00;0,00;0,00;;Oui
850;;racor 25/3/4 ifan femelle;qte;0,00;0,00;20,00;0,00;0,00;;Oui
851;;code 20/1/2 applique;qte;0,00;0,00;20,00;0,00;0,00;;Oui
852;;code 25 1/8 ifan;qte;0,00;0,00;20,00;0,00;0,00;;Oui
853;;tee 25/1/2 ifan;qte;0,00;0,00;20,00;0,00;0,00;;Oui
854;;tee 20/1/2 coes;qte;0,00;0,00;20,00;0,00;0,00;;Oui
855;;code 20/1/2 1p app;qte;0,00;0,00;20,00;0,00;0,00;;Oui
856;;code 25 mplast;qte;0,00;0,00;20,00;0,00;0,00;;Oui
857;;rediction 25*32;qte;0,00;0,00;20,00;0,00;0,00;;Oui
858;;rediction 25*32 coes;qte;0,00;0,00;20,00;0,00;0,00;;Oui
859;;rediction 40*25 kan;qte;0,00;0,00;20,00;0,00;0,00;;Oui
860;;mancho 25 ifan;qte;0,00;0,00;20,00;0,00;0,00;;Oui
861;;code 20 kalde;qte;0,00;0,00;20,00;0,00;0,00;;Oui
862;;tee 20/1/2 kalde;qte;0,00;0,00;20,00;0,00;0,00;;Oui
863;;tee 20/1/2 kan vert;qte;0,00;0,00;20,00;0,00;0,00;;Oui
864;;mancho 20 kan gris;qte;0,00;0,00;20,00;0,00;0,00;;Oui
865;;mancho 20 kan vert;qte;0,00;0,00;20,00;0,00;0,00;;Oui
866;;rediction 20/25 kan;qte;0,00;0,00;20,00;0,00;0,00;;Oui
867;;mancho 25 kan;qte;0,00;0,00;20,00;0,00;0,00;;Oui
868;;lave main orca petit;qte;0,00;0,00;20,00;0,00;0,00;;Oui
869;;code 25 kan gri;qte;0,00;0,00;20,00;0,00;0,00;;Oui
870;;code 32 kan;qte;0,00;0,00;20,00;0,00;0,00;;Oui
871;;tee 32/25 kan;qte;0,00;0,00;20,00;0,00;0,00;;Oui
872;;racor 20/1/2 male kan version1;qte;0,00;0,00;20,00;0,00;0,00;;Oui
873;;code 20/1/2 male kan;qte;0,00;0,00;20,00;0,00;0,00;;Oui
874;;tee 20/1/2 kan;qte;0,00;0,00;20,00;0,00;0,00;;Oui
875;;racor 20/1/2 male kan version2;qte;0,00;0,00;20,00;0,00;0,00;;Oui
876;;code 20/1/8 kan;qte;0,00;0,00;20,00;0,00;0,00;;Oui
877;;racor 20/3/4 fumelle kan;qte;0,00;0,00;20,00;0,00;0,00;;Oui
878;;racor 20/1/2 kan;qte;0,00;0,00;20,00;0,00;0,00;;Oui
879;;code 20/3/4 kan;qte;0,00;0,00;20,00;0,00;0,00;;Oui
880;;mancho 20 bleu;qte;0,00;0,00;20,00;0,00;0,00;;Oui
881;;code 20 bleu;qte;0,00;0,00;20,00;0,00;0,00;;Oui
882;;racor 20/1/2 male bleu;qte;0,00;0,00;20,00;0,00;0,00;;Oui
883;;racor 20/1/2 fumelle bleu;qte;0,00;0,00;20,00;0,00;0,00;;Oui
884;;code 20/1/2 ifan gris;qte;0,00;0,00;20,00;0,00;0,00;;Oui
885;;salto 20 bleu;qte;0,00;0,00;20,00;0,00;0,00;;Oui
886;;tmas 1/2 bleu;qte;0,00;0,00;20,00;0,00;0,00;;Oui
887;;tee 20/1/2 bleu;qte;0,00;0,00;20,00;0,00;0,00;;Oui
888;;tee 20 bleu;qte;0,00;0,00;20,00;0,00;0,00;;Oui
889;;code 20/1/2 bleu;qte;0,00;0,00;20,00;0,00;0,00;;Oui
890;;racor 20/1/2 ifan male gris;qte;0,00;0,00;20,00;0,00;0,00;;Oui
891;;flexible 1/2/3/4 plus m/f;qte;0,00;0,00;20,00;0,00;0,00;;Oui
892;;racor 20/1/2 ifan gris;qte;0,00;0,00;20,00;0,00;0,00;;Oui
893;;flexible 3/4/3/4 f/f plus;qte;0,00;0,00;20,00;0,00;0,00;;Oui
894;;flexible 3/4/3/4 m/f plus;qte;0,00;0,00;20,00;0,00;0,00;;Oui
895;;flexible 3/8/3/8 m/f version1;qte;0,00;0,00;20,00;0,00;0,00;;Oui
896;;flexible 1/2/3/8 m/f clemed;qte;0,00;0,00;20,00;0,00;0,00;;Oui
897;;flexible 3/8/3/8 f/f version1;qte;0,00;0,00;20,00;0,00;0,00;;Oui
898;;racor 25/1/2 ifan gris;qte;0,00;0,00;20,00;0,00;0,00;;Oui
899;;flexible 1/2/1/2 f/f version1;qte;0,00;0,00;20,00;0,00;0,00;;Oui
900;;tee 20/1/2 ifan gris version1;qte;0,00;0,00;20,00;0,00;0,00;;Oui
901;;tee 20 kalde vert;qte;0,00;0,00;20,00;0,00;0,00;;Oui
902;;racor 20/1/2 male ifan gris;qte;0,00;0,00;20,00;0,00;0,00;;Oui
903;;racor 20/1/2 male kalde vert;qte;0,00;0,00;20,00;0,00;0,00;;Oui
904;;racoe 20/1/2 kalde fumelle vert;qte;0,00;0,00;20,00;0,00;0,00;;Oui
905;;mancho 20 kalde vert;qte;0,00;0,00;20,00;0,00;0,00;;Oui
906;;tee 20 ifan gris;qte;0,00;0,00;20,00;0,00;0,00;;Oui
907;;paso 20 kalde vert;qte;0,00;0,00;20,00;0,00;0,00;;Oui
908;;mancho 20 ifan vert;qte;0,00;0,00;20,00;0,00;0,00;;Oui
909;;tmas 20 assudi ifan gris;qte;0,00;0,00;20,00;0,00;0,00;;Oui
910;;racor 20/1/2 ifan fumelle vert;qte;0,00;0,00;20,00;0,00;0,00;;Oui
911;;tee 20/1/2 ifan gris version2;qte;0,00;0,00;20,00;0,00;0,00;;Oui
912;;mancho 20 ifan gris;qte;0,00;0,00;20,00;0,00;0,00;;Oui
913;;tee 20 ifan vert;qte;0,00;0,00;20,00;0,00;0,00;;Oui
914;;tee 20/1/2 aquatro gris;qte;0,00;0,00;20,00;0,00;0,00;;Oui
915;;tee 25 kan gris;qte;0,00;0,00;20,00;0,00;0,00;;Oui
916;;rediction boutia 40/32;qte;0,00;0,00;20,00;0,00;0,00;;Oui
917;;rediction 20/25 kan gris;qte;0,00;0,00;20,00;0,00;0,00;;Oui
918;;code applique doble 20/1/2 gris;qte;0,00;0,00;20,00;0,00;0,00;;Oui
919;;mancho 25 kan gris;qte;0,00;0,00;20,00;0,00;0,00;;Oui
920;;brasadira 20 ifan gris;qte;0,00;0,00;20,00;0,00;0,00;;Oui
921;;rediction hdid 1/2/3/4 m/f;qte;0,00;0,00;20,00;0,00;0,00;;Oui
922;;mancho hdid 1/2 f/f;qte;0,00;0,00;20,00;0,00;0,00;;Oui
923;;tee 25 ifan vert;qte;0,00;0,00;20,00;0,00;0,00;;Oui
924;;zyada  10cm sania chrome;qte;0,00;0,00;20,00;0,00;0,00;;Oui
925;;3on9 jmel noir;qte;0,00;0,00;20,00;0,00;0,00;;Oui
926;;mancho tasa mangira;qte;0,00;0,00;20,00;0,00;0,00;;Oui
927;;griga 32 pvc;qte;0,00;0,00;20,00;0,00;0,00;;Oui
928;;code 100 1/4 pvc;qte;0,00;0,00;20,00;0,00;0,00;;Oui
929;;code 110 1/4 pvc;qte;0,00;0,00;20,00;0,00;0,00;;Oui
930;;code 100 1/8 pvc;qte;0,00;0,00;20,00;0,00;0,00;;Oui
931;;zyada 10cm momtaza kupp;qte;0,00;0,00;20,00;0,00;0,00;;Oui
932;;zyada 7cm momtaza;qte;0,00;0,00;20,00;0,00;0,00;;Oui
933;;code 110 1/8 pvc;qte;0,00;0,00;20,00;0,00;0,00;;Oui
934;;griga 100 pvc;qte;0,00;0,00;20,00;0,00;0,00;;Oui
935;;zyada 5cm momtaza chrome kupp;qte;0,00;0,00;20,00;0,00;0,00;;Oui
936;;zyada 5cm iberpo;qte;0,00;0,00;20,00;0,00;0,00;;Oui
937;;tee 100 pvc;qte;0,00;0,00;20,00;0,00;0,00;;Oui
938;;griga 110 pvc;qte;0,00;0,00;20,00;0,00;0,00;;Oui
939;;rediction 100/50 pvc;qte;0,00;0,00;20,00;0,00;0,00;;Oui
940;;rediction 75/40 pvc;qte;0,00;0,00;20,00;0,00;0,00;;Oui
941;;tee 110pvc;qte;0,00;0,00;20,00;0,00;0,00;;Oui
942;;griga doble 125 pvc;qte;0,00;0,00;20,00;0,00;0,00;;Oui
943;;code mchdod 125 pvc;qte;0,00;0,00;20,00;0,00;0,00;;Oui
944;;code mftoh 75 pvc;qte;0,00;0,00;20,00;0,00;0,00;;Oui
945;;code mchdod 75 pvc;qte;0,00;0,00;20,00;0,00;0,00;;Oui
946;;code mchdod 40 pvc version1;qte;0,00;0,00;20,00;0,00;0,00;;Oui
947;;code mchdod 40 pvc version2;qte;0,00;0,00;20,00;0,00;0,00;;Oui
948;;code mchdod 32 pvc;qte;0,00;0,00;20,00;0,00;0,00;;Oui
949;;rediction 75/50 pvc;qte;0,00;0,00;20,00;0,00;0,00;;Oui
950;;code 40 1/8 m/f pvc;qte;0,00;0,00;20,00;0,00;0,00;;Oui
951;;code 40 1/4 m/f pvc;qte;0,00;0,00;20,00;0,00;0,00;;Oui
952;;code 50 1/8 m/f pvc;qte;0,00;0,00;20,00;0,00;0,00;;Oui
953;;code 50 1/8 mftoh;qte;0,00;0,00;20,00;0,00;0,00;;Oui
954;;code 50 1/4 m/f pvc;qte;0,00;0,00;20,00;0,00;0,00;;Oui
955;;code 50 1/4;qte;0,00;0,00;20,00;0,00;0,00;;Oui
956;;griga40 pvc;qte;0,00;0,00;20,00;0,00;0,00;;Oui
957;;tee 40 pvc;qte;0,00;0,00;20,00;0,00;0,00;;Oui
958;;griga 75 pvc;qte;0,00;0,00;20,00;0,00;0,00;;Oui
959;;tee 75 pvc;qte;0,00;0,00;20,00;0,00;0,00;;Oui
960;;griga 50 pvc;qte;0,00;0,00;20,00;0,00;0,00;;Oui
961;;rediction hdid 40/50 galva;qte;0,00;0,00;20,00;0,00;0,00;;Oui
962;;rediction hdid 40/32 galva;qte;0,00;0,00;20,00;0,00;0,00;;Oui
963;;rediction 100/75 pvc;qte;0,00;0,00;20,00;0,00;0,00;;Oui
964;;rediction 40/3/4 galva;qte;0,00;0,00;20,00;0,00;0,00;;Oui
965;;rediction 50/32 hdid;qte;0,00;0,00;20,00;0,00;0,00;;Oui
966;;rediction 50/1/2 hdid;qte;0,00;0,00;20,00;0,00;0,00;;Oui
967;;rediction 63/3/4 hdid;qte;0,00;0,00;20,00;0,00;0,00;;Oui
968;;rediction 50/3/4 hdid;qte;0,00;0,00;20,00;0,00;0,00;;Oui
969;;rediction 200/160 pvc;qte;0,00;0,00;20,00;0,00;0,00;;Oui
970;;rediction 160/125;qte;0,00;0,00;20,00;0,00;0,00;;Oui
971;;tee 50 pvc;qte;0,00;0,00;20,00;0,00;0,00;;Oui
972;;code 50 galva;qte;0,00;0,00;20,00;0,00;0,00;;Oui
973;;rediction 110/40/40/40 version1;qte;0,00;0,00;20,00;0,00;0,00;;Oui
974;;rediction 110;qte;0,00;0,00;20,00;0,00;0,00;;Oui
975;;rediction boutia 125/110;qte;0,00;0,00;20,00;0,00;0,00;;Oui
976;;rediction 110/75;qte;0,00;0,00;20,00;0,00;0,00;;Oui
977;;redition 125/75;qte;0,00;0,00;20,00;0,00;0,00;;Oui
978;;rediction 110/40 pvc version1;qte;0,00;0,00;20,00;0,00;0,00;;Oui
979;;tmas 75 pvc;qte;0,00;0,00;20,00;0,00;0,00;;Oui
980;;rediction 110/75 pvc version1;qte;0,00;0,00;20,00;0,00;0,00;;Oui
981;;rediction 50/40 pvc;qte;0,00;0,00;20,00;0,00;0,00;;Oui
982;;mancho 50 pvc;qte;0,00;0,00;20,00;0,00;0,00;;Oui
983;;mancho 40 pvc;qte;0,00;0,00;20,00;0,00;0,00;;Oui
984;;tmas 125 pvc;qte;0,00;0,00;20,00;0,00;0,00;;Oui
985;;tmas 110 pvc;qte;0,00;0,00;20,00;0,00;0,00;;Oui
986;;rediction 125/110 pvc;qte;0,00;0,00;20,00;0,00;0,00;;Oui
987;;rediction 125/100 pvc;qte;0,00;0,00;20,00;0,00;0,00;;Oui
988;;rediction 110/50 pvc;qte;0,00;0,00;20,00;0,00;0,00;;Oui
989;;reglet 1,20 cm;qte;0,00;0,00;20,00;0,00;0,00;;Oui
990;;code 32 mftoh pvc;qte;0,00;0,00;20,00;0,00;0,00;;Oui
991;;rediction 110/100 pvc;qte;0,00;0,00;20,00;0,00;0,00;;Oui
992;;rediction 110/40 pvc version2;qte;0,00;0,00;20,00;0,00;0,00;;Oui
993;;tmas 40 pvc;qte;0,00;0,00;20,00;0,00;0,00;;Oui
994;;tmas 32 pvc;qte;0,00;0,00;20,00;0,00;0,00;;Oui
995;;rediction 40/32 pvc;qte;0,00;0,00;20,00;0,00;0,00;;Oui
996;;tmas 50 pvc;qte;0,00;0,00;20,00;0,00;0,00;;Oui
997;;mancho 75 pvc;qte;0,00;0,00;20,00;0,00;0,00;;Oui
998;;tmas 100 pvc;qte;0,00;0,00;20,00;0,00;0,00;;Oui
999;;tmas 160;qte;0,00;0,00;20,00;0,00;0,00;;Oui
1000;;rediction 110/50/40;qte;0,00;0,00;20,00;0,00;0,00;;Oui
1001;;Brasadira 110/50;qte;0,00;0,00;20,00;0,00;0,00;;Oui
1002;;rediction boutia tasa;qte;0,00;0,00;20,00;0,00;0,00;;Oui
1003;;rediction 100/40/40/30;qte;0,00;0,00;20,00;0,00;0,00;;Oui
1004;;tee 1/2 nhas;qte;0,00;0,00;20,00;0,00;0,00;;Oui
1005;;code 1/2/16 rutube;qte;0,00;0,00;20,00;0,00;0,00;;Oui
1006;;code 1/2 nhas;qte;0,00;0,00;20,00;0,00;0,00;;Oui
1007;;code 16/16 rutube;qte;0,00;0,00;20,00;0,00;0,00;;Oui
1008;;mancho 1/2 nhas;qte;0,00;0,00;20,00;0,00;0,00;;Oui
1009;;zyada 1/2/3/8 m/f;qte;0,00;0,00;20,00;0,00;0,00;;Oui
1010;;tmas 1/2 nhas;qte;0,00;0,00;20,00;0,00;0,00;;Oui
1011;;racor 1/2/16 rutube fumelle;qte;0,00;0,00;20,00;0,00;0,00;;Oui
1012;;code 16/1/2 applique fumelle rutube;qte;0,00;0,00;20,00;0,00;0,00;;Oui
1013;;zyada 3/4/1/2 nhas;qte;0,00;0,00;20,00;0,00;0,00;;Oui
1014;;code mancho 1/2/1/2 nhas;qte;0,00;0,00;20,00;0,00;0,00;;Oui
1015;;tee 1/2/16 rutube;qte;0,00;0,00;20,00;0,00;0,00;;Oui
1016;;mamlon 1/2 nhas;qte;0,00;0,00;20,00;0,00;0,00;;Oui
1017;;zyada 1/2 nhas;qte;0,00;0,00;20,00;0,00;0,00;;Oui
1018;;tee 16/16 rutube;qte;0,00;0,00;20,00;0,00;0,00;;Oui
1019;;racor 16/1/2 rutube male;qte;0,00;0,00;20,00;0,00;0,00;;Oui
1020;;racor 16/16 rutube;qte;0,00;0,00;20,00;0,00;0,00;;Oui
1021;;code 40 hdid galva;qte;0,00;0,00;20,00;0,00;0,00;;Oui
1022;;mamlon 3/4 hdid galvanise;qte;0,00;0,00;20,00;0,00;0,00;;Oui
1023;;mamlon 1/2 hdid galva;qte;0,00;0,00;20,00;0,00;0,00;;Oui
1024;;mamlon 40 hdid galva;qte;0,00;0,00;20,00;0,00;0,00;;Oui
1025;;mamlon 32 hdid galva;qte;0,00;0,00;20,00;0,00;0,00;;Oui
1026;;mamlon 63 hdid galva;qte;0,00;0,00;20,00;0,00;0,00;;Oui
1027;;mancho 32 hdid galva;qte;0,00;0,00;20,00;0,00;0,00;;Oui
1028;;tmas 40 hdid galva;qte;0,00;0,00;20,00;0,00;0,00;;Oui
1029;;racornio 3/4 hdid galva;qte;0,00;0,00;20,00;0,00;0,00;;Oui
1030;;racor 25/3/4 pilitine nhas;qte;0,00;0,00;20,00;0,00;0,00;;Oui
1031;;mancho 25 pulitine nhas;qte;0,00;0,00;20,00;0,00;0,00;;Oui
1032;;mancho 50 hdid galva;qte;0,00;0,00;20,00;0,00;0,00;;Oui
1033;;mancho 40 hdid galva;qte;0,00;0,00;20,00;0,00;0,00;;Oui
1034;;tee 32 hdid galva;qte;0,00;0,00;20,00;0,00;0,00;;Oui
1035;;tmas 32 nhas;qte;0,00;0,00;20,00;0,00;0,00;;Oui
1036;;mamlon 32 nhas;qte;0,00;0,00;20,00;0,00;0,00;;Oui
1037;;racor magana 1/2/3/4;qte;0,00;0,00;20,00;0,00;0,00;;Oui
1038;;racor 32/50 nhas;qte;0,00;0,00;20,00;0,00;0,00;;Oui
1039;;zyada nhas sfar momtaz 5cm kupp;qte;0,00;0,00;20,00;0,00;0,00;;Oui
1040;;zyada nhas sfar momtaz 10cm kupp;qte;0,00;0,00;20,00;0,00;0,00;;Oui
1041;;zyada nhas sfar momtaz 7cm kupp;qte;0,00;0,00;20,00;0,00;0,00;;Oui
1042;;zyada nhas 32/1/2;qte;0,00;0,00;20,00;0,00;0,00;;Oui
1043;;mancho nhas chrome 1/2;qte;0,00;0,00;20,00;0,00;0,00;;Oui
1044;;mamlon nhas 32/3/4;qte;0,00;0,00;20,00;0,00;0,00;;Oui
1045;;mamlon nhas 3/4/3/4;qte;0,00;0,00;20,00;0,00;0,00;;Oui
1046;;mancho 20 pulitine nhas;qte;0,00;0,00;20,00;0,00;0,00;;Oui
1047;;code 20 pulitine nhas;qte;0,00;0,00;20,00;0,00;0,00;;Oui
1048;;racor 40/32 hdid galva;qte;0,00;0,00;20,00;0,00;0,00;;Oui
1049;;code 20/1/2 pulitine nhas;qte;0,00;0,00;20,00;0,00;0,00;;Oui
1050;;racor 25/3/4 pulitine nhas;qte;0,00;0,00;20,00;0,00;0,00;;Oui
1051;;racor 25/3/4 pulitine nhas fumelle;qte;0,00;0,00;20,00;0,00;0,00;;Oui
1052;;racor 20/1/2 pulitine nhas male;qte;0,00;0,00;20,00;0,00;0,00;;Oui
1053;;lavabo mdwar 78*43 italy;qte;0,00;0,00;20,00;0,00;0,00;;Oui
1054;;lavabo cocina 60*45 asip doble;qte;0,00;0,00;20,00;0,00;0,00;;Oui
1055;;lavabo cocina 9nat doble itay momtaz;qte;0,00;0,00;20,00;0,00;0,00;;Oui
1056;;fousible chant 10A;qte;0,00;0,00;20,00;0,00;0,00;;Oui
1057;;lavabo cocina 55*45 noir italy pronto;qte;0,00;0,00;20,00;0,00;0,00;;Oui
1058;;lavabo cocina 55*45 mna9ar italy pronto;qte;0,00;0,00;20,00;0,00;0,00;;Oui
1059;;robinet dahbi vasque;qte;0,00;0,00;20,00;0,00;0,00;;Oui
1060;;lavabo cocina 55*45 mdahab pronto;qte;0,00;0,00;20,00;0,00;0,00;;Oui
1061;;rachacha rolin m3a robinet noir;qte;0,00;0,00;20,00;0,00;0,00;;Oui
1062;;lavabo cocina 78*45 noir italy;qte;0,00;0,00;20,00;0,00;0,00;;Oui
1063;;juego docha san;qte;0,00;0,00;20,00;0,00;0,00;;Oui
1064;;lavabo cocine 38*37 italy;qte;0,00;0,00;20,00;0,00;0,00;;Oui
1065;;lavabo cocina 40*40 mna9ar;qte;0,00;0,00;20,00;0,00;0,00;;Oui
1066;;boita farmacia;qte;0,00;0,00;20,00;0,00;0,00;;Oui
1067;;mraya 80*60 oval;qte;0,00;0,00;20,00;0,00;0,00;;Oui
1068;;lavabo beige meuble 40*20;qte;0,00;0,00;20,00;0,00;0,00;;Oui
1069;;porte savon poussoir;qte;0,00;0,00;20,00;0,00;0,00;;Oui
1070;;robinet kupp noir motaharik;qte;0,00;0,00;20,00;0,00;0,00;;Oui
1071;;mraya 60*60 mdwra;qte;0,00;0,00;20,00;0,00;0,00;;Oui
1072;;baghet mrb3a d losa;qte;0,00;0,00;20,00;0,00;0,00;;Oui
1073;;tasa mega seramic;qte;0,00;0,00;20,00;0,00;0,00;;Oui
1074;;korsi toillet blanc bebe;qte;0,00;0,00;20,00;0,00;0,00;;Oui
1075;;lavabo sanilum 811 vasque;qte;0,00;0,00;20,00;0,00;0,00;;Oui
1076;;lavabo vilda 230301 vasque;qte;0,00;0,00;20,00;0,00;0,00;;Oui
1077;;lavabo odysee vasque;qte;0,00;0,00;20,00;0,00;0,00;;Oui
1078;;lechada 5kg s,y,s;qte;0,00;0,00;20,00;0,00;0,00;;Oui
1079;;lechada 2kg s,y,s;qte;0,00;0,00;20,00;0,00;0,00;;Oui
1080;;robinet lavabo oppo;qte;0,00;0,00;20,00;0,00;0,00;;Oui
1081;;lavabo 60*46 mueble odysee magno;qte;0,00;0,00;20,00;0,00;0,00;;Oui
1082;;vasque 60*46 vilda;qte;0,00;0,00;20,00;0,00;0,00;;Oui
1083;;mraya 80*60 noir;qte;0,00;0,00;20,00;0,00;0,00;;Oui
1084;;mraya basma+jnabat (js-08);qte;0,00;0,00;20,00;0,00;0,00;;Oui
1085;;mraya basma+jnabat (js-12);qte;0,00;0,00;20,00;0,00;0,00;;Oui
1086;;mraya basma+jnabat (jh-03);qte;0,00;0,00;20,00;0,00;0,00;;Oui
1087;;mraya basma+jnabat (js-09b);qte;0,00;0,00;20,00;0,00;0,00;;Oui
1088;;mraya basma (js-10);qte;0,00;0,00;20,00;0,00;0,00;;Oui
1089;;robinet ikeer 1/2/3/8 kupp;qte;0,00;0,00;20,00;0,00;0,00;;Oui
1090;;sakhan 30l ariston;qte;0,00;0,00;20,00;0,00;0,00;;Oui
1091;;sakhan 50l first;qte;0,00;0,00;20,00;0,00;0,00;;Oui
1092;;sakhan 50l ariston;qte;0,00;0,00;20,00;0,00;0,00;;Oui
1093;;robinet cocina;qte;0,00;0,00;20,00;0,00;0,00;;Oui
1094;;tasa roca victoria;qte;0,00;0,00;20,00;0,00;0,00;;Oui
1095;;tasa odysee tulip;qte;0,00;0,00;20,00;0,00;0,00;;Oui
1096;;tasa toillete porcher;qte;0,00;0,00;20,00;0,00;0,00;;Oui
1097;;lavabo prcher;qte;0,00;0,00;20,00;0,00;0,00;;Oui
1098;;bidet roca;qte;0,00;0,00;20,00;0,00;0,00;;Oui
1099;;robinet lavabo galaxy version1;qte;0,00;0,00;20,00;0,00;0,00;;Oui
1100;;tasa toilette jacob;qte;0,00;0,00;20,00;0,00;0,00;;Oui
1101;;robinet lavabo bared;qte;0,00;0,00;20,00;0,00;0,00;;Oui
1102;;lavabo roca adel;qte;0,00;0,00;20,00;0,00;0,00;;Oui
1103;;tasa roca adel;qte;0,00;0,00;20,00;0,00;0,00;;Oui
1104;;mueble 40*20cm noir;qte;0,00;0,00;20,00;0,00;0,00;;Oui
1105;;robinet lavabo chrome roline;qte;0,00;0,00;20,00;0,00;0,00;;Oui
1106;;mueble 60*40 gris brjel vilda;qte;0,00;0,00;20,00;0,00;0,00;;Oui
1107;;robinet cocina tabla dahbi;qte;0,00;0,00;20,00;0,00;0,00;;Oui
1108;;robinet lavabo tabla kupp;qte;0,00;0,00;20,00;0,00;0,00;;Oui
1109;;mueble 50*35 crema odysse;qte;0,00;0,00;20,00;0,00;0,00;;Oui
1110;;mueble 38*28 cristal;qte;0,00;0,00;20,00;0,00;0,00;;Oui
1111;;tasa carre yveline odysee;qte;0,00;0,00;20,00;0,00;0,00;;Oui
1112;;rachacha kit ozebest;qte;0,00;0,00;20,00;0,00;0,00;;Oui
1113;;lavabo mdwar 9ach porcher;qte;0,00;0,00;20,00;0,00;0,00;;Oui
1114;;lavabo mdwar vasque castre;qte;0,00;0,00;20,00;0,00;0,00;;Oui
1115;;clape pvc 110;qte;0,00;0,00;20,00;0,00;0,00;;Oui
1116;;support tasa mdfona grohe;qte;0,00;0,00;20,00;0,00;0,00;;Oui
1117;;tasa mdfona serina odessy blonc;qte;0,00;0,00;20,00;0,00;0,00;;Oui
1118;;stal juego noir sanilum;qte;0,00;0,00;20,00;0,00;0,00;;Oui
1119;;vasque 50*39 blanc;qte;0,00;0,00;20,00;0,00;0,00;;Oui
1120;;vasque docha mdwar encastre vilda;qte;0,00;0,00;20,00;0,00;0,00;;Oui
1121;;vasque docha mdwar noir mdahab;qte;0,00;0,00;20,00;0,00;0,00;;Oui
1122;;vasque 41/25 docha mdahab;qte;0,00;0,00;20,00;0,00;0,00;;Oui
1123;;vasque docha noir mdwar;qte;0,00;0,00;20,00;0,00;0,00;;Oui
1124;;vasque 48/37 mrba3 mahab villda;qte;0,00;0,00;20,00;0,00;0,00;;Oui
1125;;mecanisme ole;qte;0,00;0,00;20,00;0,00;0,00;;Oui
1126;;mecanisme jacob;qte;0,00;0,00;20,00;0,00;0,00;;Oui
1127;;rachacha docha verona;qte;0,00;0,00;20,00;0,00;0,00;;Oui
1128;;sakhan 5l ariston gaz;qte;0,00;0,00;20,00;0,00;0,00;;Oui
1129;;robinet lavabo jory twil;qte;0,00;0,00;20,00;0,00;0,00;;Oui
1130;;tmas 30/13 campana;qte;0,00;0,00;20,00;0,00;0,00;;Oui
1131;;dochita nettono tiemme;qte;0,00;0,00;20,00;0,00;0,00;;Oui
1132;;rachacha bsensla clemed;qte;0,00;0,00;20,00;0,00;0,00;;Oui
1133;;campana 25/15;qte;0,00;0,00;20,00;0,00;0,00;;Oui
1134;;stal zbel grand;qte;0,00;0,00;20,00;0,00;0,00;;Oui
1135;;stal zbel petit;qte;0,00;0,00;20,00;0,00;0,00;;Oui
1136;;sifon 1 mt;qte;0,00;0,00;20,00;0,00;0,00;;Oui
1137;;vasque cocina 9ach porcher;qte;0,00;0,00;20,00;0,00;0,00;;Oui
1138;;robinet tabla plastique palaman;qte;0,00;0,00;20,00;0,00;0,00;;Oui
1139;;juego docha plastique;qte;0,00;0,00;20,00;0,00;0,00;;Oui
1140;;korsi docha plastisan;qte;0,00;0,00;20,00;0,00;0,00;;Oui
1141;;sifon 60cm chrome rolin;qte;0,00;0,00;20,00;0,00;0,00;;Oui
1142;;mraya 80*60 dahbi;qte;0,00;0,00;20,00;0,00;0,00;;Oui
1143;;mraya 80*60 noir+blanc;qte;0,00;0,00;20,00;0,00;0,00;;Oui
1144;;mraya 80*60 rose;qte;0,00;0,00;20,00;0,00;0,00;;Oui
1145;;mraya 70*50 bleu/noir;qte;0,00;0,00;20,00;0,00;0,00;;Oui
1146;;mraya 70*50 trasparant;qte;0,00;0,00;20,00;0,00;0,00;;Oui
1147;;mraya basma 80*60;qte;0,00;0,00;20,00;0,00;0,00;;Oui
1148;;3ala9a d 9ant docha;qte;0,00;0,00;20,00;0,00;0,00;;Oui
1149;;sakhan 6l junker;qte;0,00;0,00;20,00;0,00;0,00;;Oui
1150;;sakhan myjy 6l;qte;0,00;0,00;20,00;0,00;0,00;;Oui
1151;;sakhan 6l star lux;qte;0,00;0,00;20,00;0,00;0,00;;Oui
1152;;rachacha complet alum ebomex;qte;0,00;0,00;20,00;0,00;0,00;;Oui
1153;;rachacha docha alum b robinet palaman;qte;0,00;0,00;20,00;0,00;0,00;;Oui
1154;;rahacha compet veron;qte;0,00;0,00;20,00;0,00;0,00;;Oui
1155;;robinet cocina hayt iroski;qte;0,00;0,00;20,00;0,00;0,00;;Oui
1156;;robinet docha clemed version2;qte;0,00;0,00;20,00;0,00;0,00;;Oui
1157;;robinet tabla inas;qte;0,00;0,00;20,00;0,00;0,00;;Oui
1158;;robinet cocina tabla aquamix;qte;0,00;0,00;20,00;0,00;0,00;;Oui
1159;;robinet cocina tabla clemed;qte;0,00;0,00;20,00;0,00;0,00;;Oui
1160;;dochita mdfona iroski;qte;0,00;0,00;20,00;0,00;0,00;;Oui
1161;;robinet hayt rosor iriski;qte;0,00;0,00;20,00;0,00;0,00;;Oui
1162;;dochita chrome w mdahab;qte;0,00;0,00;20,00;0,00;0,00;;Oui
1163;;tasa roca dhayt pipe;qte;0,00;0,00;20,00;0,00;0,00;;Oui
1164;;floteur setirna 3/4;qte;0,00;0,00;20,00;0,00;0,00;;Oui
1165;;zaje montera doble;qte;0,00;0,00;20,00;0,00;0,00;;Oui
1166;;zaje montera dwahd;qte;0,00;0,00;20,00;0,00;0,00;;Oui
1167;;kit rachacha silver;qte;0,00;0,00;20,00;0,00;0,00;;Oui
1168;;sensla d rachacha;qte;0,00;0,00;20,00;0,00;0,00;;Oui
1169;;ras d rachacha;qte;0,00;0,00;20,00;0,00;0,00;;Oui
1170;;tobo chiminia 100 vilda / sanitop;qte;0,00;0,00;20,00;0,00;0,00;;Oui
1171;;hdida mo3a9in;qte;0,00;0,00;20,00;0,00;0,00;;Oui
1172;;tobo chiminia 200;qte;0,00;0,00;20,00;0,00;0,00;;Oui
1173;;tobo chiminia 160;qte;0,00;0,00;20,00;0,00;0,00;;Oui
1174;;tobo chiminia 250;qte;0,00;0,00;20,00;0,00;0,00;;Oui
1175;;fefara noir;qte;0,00;0,00;20,00;0,00;0,00;;Oui
1176;;rachacha caree 30*30 clemed;qte;0,00;0,00;20,00;0,00;0,00;;Oui
1177;;code rachacha clemed;qte;0,00;0,00;20,00;0,00;0,00;;Oui
1178;;motor pompa 3hp;qte;0,00;0,00;20,00;0,00;0,00;;Oui
1179;;evier 60*45 sanili chrome;qte;0,00;0,00;20,00;0,00;0,00;;Oui
1180;;ras parabol 2p televes;qte;0,00;0,00;20,00;0,00;0,00;;Oui
1181;;pompa 3hp nakhla;qte;0,00;0,00;20,00;0,00;0,00;;Oui
1182;;pompa 40a zintec;qte;0,00;0,00;20,00;0,00;0,00;;Oui
1183;;3awed inox 50cm;qte;0,00;0,00;20,00;0,00;0,00;;Oui
1184;;porte savon plastique chrome;qte;0,00;0,00;20,00;0,00;0,00;;Oui
1185;;boit rutube 40;qte;0,00;0,00;20,00;0,00;0,00;;Oui
1186;;boit rutube 50 sanimax;qte;0,00;0,00;20,00;0,00;0,00;;Oui
1187;;prise control pompa 3hp;qte;0,00;0,00;20,00;0,00;0,00;;Oui
1188;;makina tbdil gaz n gazoil;qte;0,00;0,00;20,00;0,00;0,00;;Oui
1189;;sakhan ariston 50l plasma;qte;0,00;0,00;20,00;0,00;0,00;;Oui
1190;;boit redo automatique;qte;0,00;0,00;20,00;0,00;0,00;;Oui
1191;;robinet docha daw;qte;0,00;0,00;20,00;0,00;0,00;;Oui
1192;;caja fuerte grand avec empreinte madrid 39*34*45;qte;0,00;0,00;20,00;0,00;0,00;;Oui
1193;;caja fuerte moyen evora 43*35*20;qte;0,00;0,00;20,00;0,00;0,00;;Oui
1194;;caja fuerte petit kiev 23*17*17;qte;0,00;0,00;20,00;0,00;0,00;;Oui
1195;;sifon banera jimtem;qte;0,00;0,00;20,00;0,00;0,00;;Oui
1196;;cordon 60cm/2cm dahbi;qte;0,00;0,00;20,00;0,00;0,00;;Oui
1197;;cordon 60cm/1cm dahbi;qte;0,00;0,00;20,00;0,00;0,00;;Oui
1198;;cordon 60cm/3cm dahbi mzwa9;qte;0,00;0,00;20,00;0,00;0,00;;Oui
1199;;codon 60cm/3cm no9ri mzwa9;qte;0,00;0,00;20,00;0,00;0,00;;Oui
1200;;cordon 60cm/2cm no9ri;qte;0,00;0,00;20,00;0,00;0,00;;Oui
1201;;cordon 50cm/2cm dahbi;qte;0,00;0,00;20,00;0,00;0,00;;Oui
1202;;cordon 50cm/2cm no9ri;qte;0,00;0,00;20,00;0,00;0,00;;Oui
1203;;cordon 1cm/25cm dahbi;qte;0,00;0,00;20,00;0,00;0,00;;Oui
1204;;cordon 1cm/25cm no9ri;qte;0,00;0,00;20,00;0,00;0,00;;Oui
1205;;sinifa docha 8*25cm;qte;0,00;0,00;20,00;0,00;0,00;;Oui
1206;;lesa9 kaghit 1kg 4h4;qte;0,00;0,00;20,00;0,00;0,00;;Oui
1207;;sinifa docha 25cm twila;qte;0,00;0,00;20,00;0,00;0,00;;Oui
1208;;makina namos raid;qte;0,00;0,00;20,00;0,00;0,00;;Oui
1209;;kita grasa lagarto;qte;0,00;0,00;20,00;0,00;0,00;;Oui
1210;;spray triya splash;qte;0,00;0,00;20,00;0,00;0,00;;Oui
1211;;spray lavavo cocina  luminia;qte;0,00;0,00;20,00;0,00;0,00;;Oui
1212;;spray robinet anticap;qte;0,00;0,00;20,00;0,00;0,00;;Oui
1213;;spray loh alexe;qte;0,00;0,00;20,00;0,00;0,00;;Oui
1214;;batry 12v inego;qte;0,00;0,00;20,00;0,00;0,00;;Oui
1215;;redicteur genebra;qte;0,00;0,00;20,00;0,00;0,00;;Oui
1216;;makina ppr grand;qte;0,00;0,00;20,00;0,00;0,00;;Oui
1217;;crepina 50;qte;0,00;0,00;20,00;0,00;0,00;;Oui
1218;;testeur piscina;qte;0,00;0,00;20,00;0,00;0,00;;Oui
1219;;racor tmas nhas;qte;0,00;0,00;20,00;0,00;0,00;;Oui
1220;;termosta;qte;0,00;0,00;20,00;0,00;0,00;;Oui
1221;;filtre sakhan daw best;qte;0,00;0,00;20,00;0,00;0,00;;Oui
1222;;termosta sakhan daw;qte;0,00;0,00;20,00;0,00;0,00;;Oui
1223;;termosta gaz automatique;qte;0,00;0,00;20,00;0,00;0,00;;Oui
1224;;automatico pompa eau;qte;0,00;0,00;20,00;0,00;0,00;;Oui
1225;;flexible 3/4/3/4 grand;qte;0,00;0,00;20,00;0,00;0,00;;Oui
1226;;pompa dwa 8l;qte;0,00;0,00;20,00;0,00;0,00;;Oui
1227;;motor 800wt ingo;qte;0,00;0,00;20,00;0,00;0,00;;Oui
1228;;kharchofa ared;qte;0,00;0,00;20,00;0,00;0,00;;Oui
1229;;motor bogie 5hp;qte;0,00;0,00;20,00;0,00;0,00;;Oui
1230;;motor eau 7,5hps gaz+gazoil;qte;0,00;0,00;20,00;0,00;0,00;;Oui
1231;;pompa classic pump;qte;0,00;0,00;20,00;0,00;0,00;;Oui
1233;;motor bogier 7,5hp;qte;0,00;0,00;20,00;0,00;0,00;;Oui
1232;;ventose toilette;qte;0,00;0,00;20,00;0,00;0,00;;Oui
1234;;machota 6kg byouta;qte;0,00;0,00;20,00;0,00;0,00;;Oui
1235;;rkab clima blanc 40cm;qte;0,00;0,00;20,00;0,00;0,00;;Oui
1236;;goma arma flex 1/2/3/8;qte;0,00;0,00;20,00;0,00;0,00;;Oui
1237;;cano 10mm gate;qte;0,00;0,00;20,00;0,00;0,00;;Oui
1238;;robinet clemed doble;qte;0,00;0,00;20,00;0,00;0,00;;Oui
1239;;minium atlas 5kg rouge;qte;0,00;0,00;20,00;0,00;0,00;;Oui
1240;;baget zelije 3adi;qte;0,00;0,00;20,00;0,00;0,00;;Oui
1241;;baget zelije arma spain;qte;0,00;0,00;20,00;0,00;0,00;;Oui
1242;;baget gerflex mdahab;qte;0,00;0,00;20,00;0,00;0,00;;Oui
1243;;fousible doble chant version1;qte;0,00;0,00;20,00;0,00;0,00;;Oui
1244;;baget droj alum carre;qte;0,00;0,00;20,00;0,00;0,00;;Oui
1245;;baget 9ant inox carre;qte;0,00;0,00;20,00;0,00;0,00;;Oui
1246;;baget 9ant inox amwaj;qte;0,00;0,00;20,00;0,00;0,00;;Oui
1247;;baget 9ant dahbi carre;qte;0,00;0,00;20,00;0,00;0,00;;Oui
1248;;tige 8 galva;qte;0,00;0,00;20,00;0,00;0,00;;Oui
1249;;baget 9ant mdahab amwaj;qte;0,00;0,00;20,00;0,00;0,00;;Oui
1250;;regzime 5kg astral;qte;0,00;0,00;20,00;0,00;0,00;;Oui
1251;;steco arabia arcol blanc;qte;0,00;0,00;20,00;0,00;0,00;;Oui
1252;;plastique silacol 5kg astral;qte;0,00;0,00;20,00;0,00;0,00;;Oui
1253;;stop astral 5kg landwi;qte;0,00;0,00;20,00;0,00;0,00;;Oui
1254;;bab amandis petit;qte;0,00;0,00;20,00;0,00;0,00;;Oui
1255;;bab amandis moyen;qte;0,00;0,00;20,00;0,00;0,00;;Oui
1256;;grmata plastique;qte;0,00;0,00;20,00;0,00;0,00;;Oui
1257;;contour magana;qte;0,00;0,00;20,00;0,00;0,00;;Oui
1258;;ras parabol 1p televes;qte;0,00;0,00;20,00;0,00;0,00;;Oui
1259;;selom 4 drjat marko;qte;0,00;0,00;20,00;0,00;0,00;;Oui
1260;;goma s9i vert;qte;0,00;0,00;20,00;0,00;0,00;;Oui
1261;;tobo 40 flexible pvc;qte;0,00;0,00;20,00;0,00;0,00;;Oui
1262;;tobo 32 flexible pvc;qte;0,00;0,00;20,00;0,00;0,00;;Oui
1263;;goma 32 presion;qte;0,00;0,00;20,00;0,00;0,00;;Oui
1264;;chbka 9wades;qte;0,00;0,00;20,00;0,00;0,00;;Oui
1265;;chalimo zeft;qte;0,00;0,00;20,00;0,00;0,00;;Oui
1266;;filtre bonja blanc;qte;0,00;0,00;20,00;0,00;0,00;;Oui
1267;;casque bleu;qte;0,00;0,00;20,00;0,00;0,00;;Oui
1268;;casque sfar;qte;0,00;0,00;20,00;0,00;0,00;;Oui
1269;;condisador 60uf;qte;0,00;0,00;20,00;0,00;0,00;;Oui
1270;;condisador 40uf;qte;0,00;0,00;20,00;0,00;0,00;;Oui
1271;;condisador 35uf;qte;0,00;0,00;20,00;0,00;0,00;;Oui
1272;;condisador 50uf;qte;0,00;0,00;20,00;0,00;0,00;;Oui
1273;;krik 2 ton;qte;0,00;0,00;20,00;0,00;0,00;;Oui
1274;;pestol dlma tatay;qte;0,00;0,00;20,00;0,00;0,00;;Oui
1275;;campin gaz foker;qte;0,00;0,00;20,00;0,00;0,00;;Oui
1276;;pestol total fo9i;qte;0,00;0,00;20,00;0,00;0,00;;Oui
1277;;prise control pompa 1,5hp;qte;0,00;0,00;20,00;0,00;0,00;;Oui
1278;;vanne 32 pulitine;qte;0,00;0,00;20,00;0,00;0,00;;Oui
1279;;ferfara 100 ferri;qte;0,00;0,00;20,00;0,00;0,00;;Oui
1280;;mftah on/off tosun;qte;0,00;0,00;20,00;0,00;0,00;;Oui
1281;;terna blanc sayad;qte;0,00;0,00;20,00;0,00;0,00;;Oui
1282;;automatico motor eau;qte;0,00;0,00;20,00;0,00;0,00;;Oui
1283;;condisador 100uf;qte;0,00;0,00;20,00;0,00;0,00;;Oui
1284;;cable floteur eau;qte;0,00;0,00;20,00;0,00;0,00;;Oui
1285;;termosta grand sakhan daw;qte;0,00;0,00;20,00;0,00;0,00;;Oui
1286;;automatico pompa;qte;0,00;0,00;20,00;0,00;0,00;;Oui
1287;;termosta grand 1500wt;qte;0,00;0,00;20,00;0,00;0,00;;Oui
1288;;termosta moyen 300wt;qte;0,00;0,00;20,00;0,00;0,00;;Oui
1289;;termosta grand vert;qte;0,00;0,00;20,00;0,00;0,00;;Oui
1290;;grifa 12 pigoen;qte;0,00;0,00;20,00;0,00;0,00;;Oui
1291;;makina ppr version2;qte;0,00;0,00;20,00;0,00;0,00;;Oui
1292;;filtre robinet femelle 12pcs;qte;0,00;0,00;20,00;0,00;0,00;;Oui
1293;;filtre robinet male 12pcs;qte;0,00;0,00;20,00;0,00;0,00;;Oui
1294;;racor pompa;qte;0,00;0,00;20,00;0,00;0,00;;Oui
1295;;magana pompa;qte;0,00;0,00;20,00;0,00;0,00;;Oui
1296;;mizan 40kg daw;qte;0,00;0,00;20,00;0,00;0,00;;Oui
1297;;taladra bosh;qte;0,00;0,00;20,00;0,00;0,00;;Oui
1298;;pompa reh high pressure;qte;0,00;0,00;20,00;0,00;0,00;;Oui
1299;;disco petit;qte;0,00;0,00;20,00;0,00;0,00;;Oui
1300;;rachacha best;qte;0,00;0,00;20,00;0,00;0,00;;Oui
1301;;boit sakhan gaz hajra automatique;qte;0,00;0,00;20,00;0,00;0,00;;Oui
1302;;rwak docha doble;qte;0,00;0,00;20,00;0,00;0,00;;Oui
1303;;disco grand inago;qte;0,00;0,00;20,00;0,00;0,00;;Oui
1304;;disco grand pewalt;qte;0,00;0,00;20,00;0,00;0,00;;Oui
1305;;vanne 63 nhas;qte;0,00;0,00;20,00;0,00;0,00;;Oui
1306;;krik 16 ton;qte;0,00;0,00;20,00;0,00;0,00;;Oui
1307;;automatico noir;qte;0,00;0,00;20,00;0,00;0,00;;Oui
1308;;condisador 10 uf;qte;0,00;0,00;20,00;0,00;0,00;;Oui
1309;;vanne 40 nhas;qte;0,00;0,00;20,00;0,00;0,00;;Oui
1310;;clape 40 nhas;qte;0,00;0,00;20,00;0,00;0,00;;Oui
1311;;robinet docha clemed bared;qte;0,00;0,00;20,00;0,00;0,00;;Oui
1312;;direct gaz 1/2;qte;0,00;0,00;20,00;0,00;0,00;;Oui
1313;;zyada 1/2 chrome;qte;0,00;0,00;20,00;0,00;0,00;;Oui
1314;;robinet cocina clemed cristal;qte;0,00;0,00;20,00;0,00;0,00;;Oui
1315;;tmas 1/2 femelle nhas;qte;0,00;0,00;20,00;0,00;0,00;;Oui
1316;;robinet bedit clemed cristal;qte;0,00;0,00;20,00;0,00;0,00;;Oui
1317;;robinet lavabo clemed cristal;qte;0,00;0,00;20,00;0,00;0,00;;Oui
1318;;tee 1/2/15 nhas version1;qte;0,00;0,00;20,00;0,00;0,00;;Oui
1319;;rediction 1/2/3/8 nhas sfar m/f;qte;0,00;0,00;20,00;0,00;0,00;;Oui
1320;;mangito 15 nhas;qte;0,00;0,00;20,00;0,00;0,00;;Oui
1321;;sendo9a flos petit;qte;0,00;0,00;20,00;0,00;0,00;;Oui
1322;;kalb robinet 3adi;qte;0,00;0,00;20,00;0,00;0,00;;Oui
1323;;kalb robinet vasser;qte;0,00;0,00;20,00;0,00;0,00;;Oui
1324;;sndo9a flos moyen;qte;0,00;0,00;20,00;0,00;0,00;;Oui
1325;;automatico genbre;qte;0,00;0,00;20,00;0,00;0,00;;Oui
1326;;automatico italtecnica;qte;0,00;0,00;20,00;0,00;0,00;;Oui
1327;;robine bedit noir rolin;qte;0,00;0,00;20,00;0,00;0,00;;Oui
1328;;robinet lavabo brassco;qte;0,00;0,00;20,00;0,00;0,00;;Oui
1329;;robinet docha prive clemed;qte;0,00;0,00;20,00;0,00;0,00;;Oui
1330;;robinet docha cristal clemed;qte;0,00;0,00;20,00;0,00;0,00;;Oui
1331;;robinet lavabo galy loux;qte;0,00;0,00;20,00;0,00;0,00;;Oui
1332;;robinet cocina dhayt dach;qte;0,00;0,00;20,00;0,00;0,00;;Oui
1333;;robinet bedit clemed francois;qte;0,00;0,00;20,00;0,00;0,00;;Oui
1334;;robinet tabla vosk bared;qte;0,00;0,00;20,00;0,00;0,00;;Oui
1335;;fekron sakhan foqia;qte;0,00;0,00;20,00;0,00;0,00;;Oui
1336;;lembrana vaillant;qte;0,00;0,00;20,00;0,00;0,00;;Oui
1337;;lembrana fagor;qte;0,00;0,00;20,00;0,00;0,00;;Oui
1338;;lemberana chima;qte;0,00;0,00;20,00;0,00;0,00;;Oui
1339;;guantes sfar;qte;0,00;0,00;20,00;0,00;0,00;;Oui
1340;;regzime 1kg astral;qte;0,00;0,00;20,00;0,00;0,00;;Oui
1341;;lembrana petit;qte;0,00;0,00;20,00;0,00;0,00;;Oui
1342;;cola pvc 500gr unecol;qte;0,00;0,00;20,00;0,00;0,00;;Oui
1343;;lembrana 2 t9abi;qte;0,00;0,00;20,00;0,00;0,00;;Oui
1344;;racor 32/1 male ppr;qte;0,00;0,00;20,00;0,00;0,00;;Oui
1345;;racor 50 brochka ppr;qte;0,00;0,00;20,00;0,00;0,00;;Oui
1346;;lembrana moyen;qte;0,00;0,00;20,00;0,00;0,00;;Oui
1347;;vanne 50 nhas rouge;qte;0,00;0,00;20,00;0,00;0,00;;Oui
1348;;vanne 50 nhas sfar;qte;0,00;0,00;20,00;0,00;0,00;;Oui
1349;;racor 32 brochka fumelle ppr;qte;0,00;0,00;20,00;0,00;0,00;;Oui
1350;;tee 32 ppr;qte;0,00;0,00;20,00;0,00;0,00;;Oui
1351;;lembrana junkers version1;qte;0,00;0,00;20,00;0,00;0,00;;Oui
1352;;code 50 ppr;qte;0,00;0,00;20,00;0,00;0,00;;Oui
1353;;lembrana junkers version2;qte;0,00;0,00;20,00;0,00;0,00;;Oui
1354;;tee 32 brochka ppr;qte;0,00;0,00;20,00;0,00;0,00;;Oui
1355;;code 32 ppr 1/4/1/8;qte;0,00;0,00;20,00;0,00;0,00;;Oui
1356;;code 32 brochka ppr;qte;0,00;0,00;20,00;0,00;0,00;;Oui
1357;;mancho 32 ppr;qte;0,00;0,00;20,00;0,00;0,00;;Oui
1358;;guantes goma gary;qte;0,00;0,00;20,00;0,00;0,00;;Oui
1359;;mamlon 3/8 nhas;qte;0,00;0,00;20,00;0,00;0,00;;Oui
1360;;direct gaz 3/8;qte;0,00;0,00;20,00;0,00;0,00;;Oui
1361;;brasadira blastique vert fonce;qte;0,00;0,00;20,00;0,00;0,00;;Oui
1362;;desco loh inego 255;qte;0,00;0,00;20,00;0,00;0,00;;Oui
1363;;brasadira plastique vert;qte;0,00;0,00;20,00;0,00;0,00;;Oui
1364;;twirka robinet docha;qte;0,00;0,00;20,00;0,00;0,00;;Oui
1365;;tee tv;qte;0,00;0,00;20,00;0,00;0,00;;Oui
1366;;tee gaz sfar;qte;0,00;0,00;20,00;0,00;0,00;;Oui
1367;;lwantis bleu;qte;0,00;0,00;20,00;0,00;0,00;;Oui
1368;;guantis gris;qte;0,00;0,00;20,00;0,00;0,00;;Oui
1369;;tmas lavabo coina noir;qte;0,00;0,00;20,00;0,00;0,00;;Oui
1370;;likha 80 sfar;qte;0,00;0,00;20,00;0,00;0,00;;Oui
1371;;makina ppr meakida;qte;0,00;0,00;20,00;0,00;0,00;;Oui
1372;;sentia black decker;qte;0,00;0,00;20,00;0,00;0,00;;Oui
1373;;likha 36;qte;0,00;0,00;20,00;0,00;0,00;;Oui
1374;;pestol remachi reh;qte;0,00;0,00;20,00;0,00;0,00;;Oui
1375;;likha 100 rouge;qte;0,00;0,00;20,00;0,00;0,00;;Oui
1376;;likha 80 rouge fil;qte;0,00;0,00;20,00;0,00;0,00;;Oui
1377;;melasa daw pigoen;qte;0,00;0,00;20,00;0,00;0,00;;Oui
1378;;code 1/2/16 male version1;qte;0,00;0,00;20,00;0,00;0,00;;Oui
1379;;likha 80 rouge;qte;0,00;0,00;20,00;0,00;0,00;;Oui
1380;;groupe securite arma;qte;0,00;0,00;20,00;0,00;0,00;;Oui
1381;;mamlon 1/2/3/8 version1;qte;0,00;0,00;20,00;0,00;0,00;;Oui
1382;;ras robinet italy;qte;0,00;0,00;20,00;0,00;0,00;;Oui
1383;;likha 100 safra;qte;0,00;0,00;20,00;0,00;0,00;;Oui
1384;;likha 60 asfar;qte;0,00;0,00;20,00;0,00;0,00;;Oui
1385;;spray rih sbagha;qte;0,00;0,00;20,00;0,00;0,00;;Oui
1386;;likha 40 safra;qte;0,00;0,00;20,00;0,00;0,00;;Oui
1387;;direct gaz 3/4;qte;0,00;0,00;20,00;0,00;0,00;;Oui
1388;;eau batry;qte;0,00;0,00;20,00;0,00;0,00;;Oui
1389;;ferfara 100 ferri noir flored;qte;0,00;0,00;20,00;0,00;0,00;;Oui
1390;;tmas lavabo cocina chrome;qte;0,00;0,00;20,00;0,00;0,00;;Oui
1391;;ferfara ledmax gris;qte;0,00;0,00;20,00;0,00;0,00;;Oui
1392;;ras robinet bike clemed;qte;0,00;0,00;20,00;0,00;0,00;;Oui
1393;;ferfara ferri blanc;qte;0,00;0,00;20,00;0,00;0,00;;Oui
1394;;ferfara 110 marko;qte;0,00;0,00;20,00;0,00;0,00;;Oui
1395;;code 1/2/15 nhas;qte;0,00;0,00;20,00;0,00;0,00;;Oui
1396;;robinet docha galy louk;qte;0,00;0,00;20,00;0,00;0,00;;Oui
1397;;robinet lavabo prive clemed;qte;0,00;0,00;20,00;0,00;0,00;;Oui
1398;;mamlon 1/2/3/4;qte;0,00;0,00;20,00;0,00;0,00;;Oui
1399;;robinet cocina dlhayt bona;qte;0,00;0,00;20,00;0,00;0,00;;Oui
1400;;robinet cocina dlhayt iroski;qte;0,00;0,00;20,00;0,00;0,00;;Oui
1401;;robinet docha kupp;qte;0,00;0,00;20,00;0,00;0,00;;Oui
1402;;mamlon 3/4/3/4;qte;0,00;0,00;20,00;0,00;0,00;;Oui
1403;;tmas 1/2 3adi;qte;0,00;0,00;20,00;0,00;0,00;;Oui
1404;;robinet dlhayt bared galy loux;qte;0,00;0,00;20,00;0,00;0,00;;Oui
1405;;magana bota chodira;qte;0,00;0,00;20,00;0,00;0,00;;Oui
1406;;robinet cocina gtm;qte;0,00;0,00;20,00;0,00;0,00;;Oui
1407;;robinet docha rolin;qte;0,00;0,00;20,00;0,00;0,00;;Oui
1408;;robinet mdfon gemer;qte;0,00;0,00;20,00;0,00;0,00;;Oui
1409;;robinet ikeer 1/2/3/4 kupp;qte;0,00;0,00;20,00;0,00;0,00;;Oui
1410;;robinet docha mdfoun grohe;qte;0,00;0,00;20,00;0,00;0,00;;Oui
1411;;robinet docha mdfoun genebre;qte;0,00;0,00;20,00;0,00;0,00;;Oui
1412;;mraya 80*60 9232;qte;0,00;0,00;20,00;0,00;0,00;;Oui
1413;;tmas 3/4 nhas male;qte;0,00;0,00;20,00;0,00;0,00;;Oui
1414;;zyada 3/4/3/4 m/f;qte;0,00;0,00;20,00;0,00;0,00;;Oui
1415;;tee 1/2/20 vert;qte;0,00;0,00;20,00;0,00;0,00;;Oui
1416;;berniz 704 astral;qte;0,00;0,00;20,00;0,00;0,00;;Oui
1417;;mancho 1/2 nhas f/f;qte;0,00;0,00;20,00;0,00;0,00;;Oui
1418;;dolio 1l atlas chappa;qte;0,00;0,00;20,00;0,00;0,00;;Oui
1419;;doko apre gris;qte;0,00;0,00;20,00;0,00;0,00;;Oui
1420;;tocle cofer;qte;0,00;0,00;20,00;0,00;0,00;;Oui
1421;;makina remache dani;qte;0,00;0,00;20,00;0,00;0,00;;Oui
1422;;gave englesa grand;qte;0,00;0,00;20,00;0,00;0,00;;Oui
1423;;gave englesa petit;qte;0,00;0,00;20,00;0,00;0,00;;Oui
1424;;moraba3 loh;qte;0,00;0,00;20,00;0,00;0,00;;Oui
1425;;paso 3/4/3/4 magana;qte;0,00;0,00;20,00;0,00;0,00;;Oui
1426;;sentia gbes 225;qte;0,00;0,00;20,00;0,00;0,00;;Oui
1427;;selecona alcon beton;qte;0,00;0,00;20,00;0,00;0,00;;Oui
1428;;baget gerflex 1mt;qte;0,00;0,00;20,00;0,00;0,00;;Oui
1429;;scotch alum version1;qte;0,00;0,00;20,00;0,00;0,00;;Oui
1430;;bab barid poste;qte;0,00;0,00;20,00;0,00;0,00;;Oui
1431;;scotch merican;qte;0,00;0,00;20,00;0,00;0,00;;Oui
1432;;pakia sesaba twila;qte;0,00;0,00;20,00;0,00;0,00;;Oui
1433;;9a3 fagor;qte;0,00;0,00;20,00;0,00;0,00;;Oui
1434;;termosta grand;qte;0,00;0,00;20,00;0,00;0,00;;Oui
1435;;moyye sakhan;qte;0,00;0,00;20,00;0,00;0,00;;Oui
1436;;stop astral 1kg;qte;0,00;0,00;20,00;0,00;0,00;;Oui
1437;;termosta fagor;qte;0,00;0,00;20,00;0,00;0,00;;Oui
1438;;termosta junkers;qte;0,00;0,00;20,00;0,00;0,00;;Oui
1439;;plastique eurotex 1kg;qte;0,00;0,00;20,00;0,00;0,00;;Oui
1440;;decapa 1kg;qte;0,00;0,00;20,00;0,00;0,00;;Oui
1441;;berniz 1002 eurotex;qte;0,00;0,00;20,00;0,00;0,00;;Oui
1442;;rolo 22 mcharet akrou finition;qte;0,00;0,00;20,00;0,00;0,00;;Oui
1443;;Laki Itree Atlas Bleu 500Gr;qte;0,00;0,00;20,00;0,00;0,00;;Oui
1444;;cambio clemed version1;qte;0,00;0,00;20,00;0,00;0,00;;Oui
1445;;laki itree atlas gris 500gr;qte;0,00;0,00;20,00;0,00;0,00;;Oui
1446;;cambio clemed version2;qte;0,00;0,00;20,00;0,00;0,00;;Oui
1447;;laki itree atlas rouge 500gr;qte;0,00;0,00;20,00;0,00;0,00;;Oui
1448;;laki k-10 500gr;qte;0,00;0,00;20,00;0,00;0,00;;Oui
1449;;cambio clemed version3;qte;0,00;0,00;20,00;0,00;0,00;;Oui
1450;;geba joint;qte;0,00;0,00;20,00;0,00;0,00;;Oui
1451;;salto 25 vert-gris;qte;0,00;0,00;20,00;0,00;0,00;;Oui
1452;;racor 1/2/20 male coes;qte;0,00;0,00;20,00;0,00;0,00;;Oui
1453;;racor 1/2/20 fumelle coes;qte;0,00;0,00;20,00;0,00;0,00;;Oui
1454;;tee 20 coes;qte;0,00;0,00;20,00;0,00;0,00;;Oui
1455;;tee 25 coes;qte;0,00;0,00;20,00;0,00;0,00;;Oui
1456;;code 25 coes;qte;0,00;0,00;20,00;0,00;0,00;;Oui
1457;;tee 1/2/20 coes;qte;0,00;0,00;20,00;0,00;0,00;;Oui
1458;;code 1/2/20 coes;qte;0,00;0,00;20,00;0,00;0,00;;Oui
1459;;salto 20 ifan;qte;0,00;0,00;20,00;0,00;0,00;;Oui
1460;;mancho 25 coes;qte;0,00;0,00;20,00;0,00;0,00;;Oui
1461;;brocha 27 akrou;qte;0,00;0,00;20,00;0,00;0,00;;Oui
1462;;brocha 33 akrou;qte;0,00;0,00;20,00;0,00;0,00;;Oui
1463;;brocha 21 akrou;qte;0,00;0,00;20,00;0,00;0,00;;Oui
1464;;brocha 24 akrou;qte;0,00;0,00;20,00;0,00;0,00;;Oui
1465;;fousible doble chant version2;qte;0,00;0,00;20,00;0,00;0,00;;Oui
1466;;ponja ta3mira rolo bricomed;qte;0,00;0,00;20,00;0,00;0,00;;Oui
1467;;applique led version1;qte;0,00;0,00;20,00;0,00;0,00;;Oui
1468;;zit ketan soudisco;qte;0,00;0,00;20,00;0,00;0,00;;Oui
1469;;zit dolio petit;qte;0,00;0,00;20,00;0,00;0,00;;Oui
1470;;colia hdid apolo;qte;0,00;0,00;20,00;0,00;0,00;;Oui
1471;;grifa fuxiang;qte;0,00;0,00;20,00;0,00;0,00;;Oui
1472;;panse gaz atlas grip;qte;0,00;0,00;20,00;0,00;0,00;;Oui
1473;;la9at panse faenza;qte;0,00;0,00;20,00;0,00;0,00;;Oui
1474;;sinia ta9ti3 gebs 210 mm;qte;0,00;0,00;20,00;0,00;0,00;;Oui
1475;;sesaba incgo;qte;0,00;0,00;20,00;0,00;0,00;;Oui
1476;;sesaba 4tels;qte;0,00;0,00;20,00;0,00;0,00;;Oui
1477;;sesaba;qte;0,00;0,00;20,00;0,00;0,00;;Oui
1478;;lama petit;qte;0,00;0,00;20,00;0,00;0,00;;Oui
1479;;menchar 450mm incgo;qte;0,00;0,00;20,00;0,00;0,00;;Oui
1480;;scotch 300kg ceys doble face;qte;0,00;0,00;20,00;0,00;0,00;;Oui
1481;;la9at panse hdid;qte;0,00;0,00;20,00;0,00;0,00;;Oui
1482;;jabe de paso momtaz 1/2*3/4;qte;0,00;0,00;20,00;0,00;0,00;;Oui
1483;;juego choka rkham;qte;0,00;0,00;20,00;0,00;0,00;;Oui
1484;;rkab tornios makina;qte;0,00;0,00;20,00;0,00;0,00;;Oui
1485;;juego gratoir taladra;qte;0,00;0,00;20,00;0,00;0,00;;Oui
1486;;la9at ta9ti3 chjar;qte;0,00;0,00;20,00;0,00;0,00;;Oui
1487;;zyada 7cm 3adia nhas;qte;0,00;0,00;20,00;0,00;0,00;;Oui
1488;;grifa 14mm pigoen;qte;0,00;0,00;20,00;0,00;0,00;;Oui
1489;;hajra camelion;qte;0,00;0,00;20,00;0,00;0,00;;Oui
1490;;la9at selk beocol;qte;0,00;0,00;20,00;0,00;0,00;;Oui
1491;;metro 20 mt senta;qte;0,00;0,00;20,00;0,00;0,00;;Oui
1492;;tee 25/1/2;qte;0,00;0,00;20,00;0,00;0,00;;Oui
1493;;mancho gaz;qte;0,00;0,00;20,00;0,00;0,00;;Oui
1494;;code 18 nhas;qte;0,00;0,00;20,00;0,00;0,00;;Oui
1495;;ras robint nos dawra;qte;0,00;0,00;20,00;0,00;0,00;;Oui
1496;;mini vanne 1/2/1/2 f/f;qte;0,00;0,00;20,00;0,00;0,00;;Oui
1497;;zyada 32/3/4 nhas;qte;0,00;0,00;20,00;0,00;0,00;;Oui
1498;;tmas 3/4 f;qte;0,00;0,00;20,00;0,00;0,00;;Oui
1499;;mancho nhas 40;qte;0,00;0,00;20,00;0,00;0,00;;Oui
1500;;mftah magana eau;qte;0,00;0,00;20,00;0,00;0,00;;Oui
1501;;mamlon 40/32 nhas;qte;0,00;0,00;20,00;0,00;0,00;;Oui
1502;;tee 3/4 nhas;qte;0,00;0,00;20,00;0,00;0,00;;Oui
1503;;racor 32/3/4 nhas;qte;0,00;0,00;20,00;0,00;0,00;;Oui
1504;;tente atlas colorado;qte;0,00;0,00;20,00;0,00;0,00;;Oui
1505;;mamlon 32/3/4 nhas;qte;0,00;0,00;20,00;0,00;0,00;;Oui
1506;;rediction botia;qte;0,00;0,00;20,00;0,00;0,00;;Oui
1507;;flexible 3/8/3/8 f/f version2;qte;0,00;0,00;20,00;0,00;0,00;;Oui
1508;;code nhas 3/4/3/4;qte;0,00;0,00;20,00;0,00;0,00;;Oui
1509;;flexible 1/2/1/2 f/f a+;qte;0,00;0,00;20,00;0,00;0,00;;Oui
1510;;flexible 1/2/1/2 m/f;qte;0,00;0,00;20,00;0,00;0,00;;Oui
1511;;rediction 40/3/4 nhas;qte;0,00;0,00;20,00;0,00;0,00;;Oui
1512;;rediction 32/1/2 nhas;qte;0,00;0,00;20,00;0,00;0,00;;Oui
1513;;flexible 3/8/1/2 senta rouge;qte;0,00;0,00;20,00;0,00;0,00;;Oui
1514;;taje 25cm spain;qte;0,00;0,00;20,00;0,00;0,00;;Oui
1515;;cordon 25cm spain;qte;0,00;0,00;20,00;0,00;0,00;;Oui
1516;;flexible 3/8/3/8 20cm;qte;0,00;0,00;20,00;0,00;0,00;;Oui
1517;;flexible 1/2/3/8 f/f;qte;0,00;0,00;20,00;0,00;0,00;;Oui
1518;;flexible 1/2/1/2 f/f version2;qte;0,00;0,00;20,00;0,00;0,00;;Oui
1519;;flexible robinet;qte;0,00;0,00;20,00;0,00;0,00;;Oui
1520;;flexible 3/8/3/8 m/f version2;qte;0,00;0,00;20,00;0,00;0,00;;Oui
1521;;vanne 1/2;qte;0,00;0,00;20,00;0,00;0,00;;Oui
1522;;vanne 32;qte;0,00;0,00;20,00;0,00;0,00;;Oui
1523;;vanne 40;qte;0,00;0,00;20,00;0,00;0,00;;Oui
1524;;robinet tabla prive;qte;0,00;0,00;20,00;0,00;0,00;;Oui
1525;;tret docha clemed;qte;0,00;0,00;20,00;0,00;0,00;;Oui
1526;;code 1/2/25 ifan ppr;qte;0,00;0,00;20,00;0,00;0,00;;Oui
1527;;code 25/3/4 kalde;qte;0,00;0,00;20,00;0,00;0,00;;Oui
1528;;racor 25/3/8 f ppr ifan;qte;0,00;0,00;20,00;0,00;0,00;;Oui
1529;;rolo akro 22 version1;qte;0,00;0,00;20,00;0,00;0,00;;Oui
1530;;code 1/2*20 kalde;qte;0,00;0,00;20,00;0,00;0,00;;Oui
1531;;atlas 1kg mate;qte;0,00;0,00;20,00;0,00;0,00;;Oui
1532;;stanio 1kg;qte;0,00;0,00;20,00;0,00;0,00;;Oui
1533;;racor 3/4/25 male ppr;qte;0,00;0,00;20,00;0,00;0,00;;Oui
1534;;mraya mrkhma noir;qte;0,00;0,00;20,00;0,00;0,00;;Oui
1535;;chtaba toillet;qte;0,00;0,00;20,00;0,00;0,00;;Oui
1536;;bola 9wt ingelec;qte;0,00;0,00;20,00;0,00;0,00;;Oui
1537;;mueble vilda gris petit;qte;0,00;0,00;20,00;0,00;0,00;;Oui
1538;;cable 2*1,5 mt version1;qte;0,00;0,00;20,00;0,00;0,00;;Oui
1539;;mesmar 5kg 8mm;qte;0,00;0,00;20,00;0,00;0,00;;Oui
1540;;mesmar 5kg 6mm;qte;0,00;0,00;20,00;0,00;0,00;;Oui
1541;;mesmar 5kg 10mm;qte;0,00;0,00;20,00;0,00;0,00;;Oui
1542;;bola 11 wt ingelec;qte;0,00;0,00;20,00;0,00;0,00;;Oui
1543;;sakhan 11l junkers;qte;0,00;0,00;20,00;0,00;0,00;;Oui
1544;;panel 40wt prizr;qte;0,00;0,00;20,00;0,00;0,00;;Oui
1545;;heblo visolux lamier;qte;0,00;0,00;20,00;0,00;0,00;;Oui
1546;;heblo visolux mouron;qte;0,00;0,00;20,00;0,00;0,00;;Oui
1547;;heblo visolux calla;qte;0,00;0,00;20,00;0,00;0,00;;Oui
1548;;heblo visolux epilobe;qte;0,00;0,00;20,00;0,00;0,00;;Oui
1549;;heblo visolux radis;qte;0,00;0,00;20,00;0,00;0,00;;Oui
1550;;heblo visolux ononis;qte;0,00;0,00;20,00;0,00;0,00;;Oui
1551;;heblo visolux kalmia;qte;0,00;0,00;20,00;0,00;0,00;;Oui
1552;;bola 50wt bilux version1;qte;0,00;0,00;20,00;0,00;0,00;;Oui
1553;;bola led ferri decoratif twila;qte;0,00;0,00;20,00;0,00;0,00;;Oui
1554;;heblo dedecteur myal blanc;qte;0,00;0,00;20,00;0,00;0,00;;Oui
1555;;heblo dedecteur myal noir;qte;0,00;0,00;20,00;0,00;0,00;;Oui
1556;;heblo daw cyclomic ap,q9;qte;0,00;0,00;20,00;0,00;0,00;;Oui
1557;;heblo daw cyclomic ap,q11;qte;0,00;0,00;20,00;0,00;0,00;;Oui
1558;;heblo daw cyclomic ap,q12;qte;0,00;0,00;20,00;0,00;0,00;;Oui
1559;;heblo daw cyclomic ap,q10;qte;0,00;0,00;20,00;0,00;0,00;;Oui
1560;;tobo daw doble etanche ferri;qte;0,00;0,00;20,00;0,00;0,00;;Oui
1561;;panel 1,20*30 luxtron;qte;0,00;0,00;20,00;0,00;0,00;;Oui
1562;;tobo daw 1mt*8cm noir 36wt;qte;0,00;0,00;20,00;0,00;0,00;;Oui
1563;;tasa plastique 3adia arabia;qte;0,00;0,00;20,00;0,00;0,00;;Oui
1564;;tasa roca 3adia arabia;qte;0,00;0,00;20,00;0,00;0,00;;Oui
1565;;tobo rutube 16 italy hedropert;qte;0,00;0,00;20,00;0,00;0,00;;Oui
1566;;goma 32 pulitine;qte;0,00;0,00;20,00;0,00;0,00;;Oui
1567;;goma 25 pulitine;qte;0,00;0,00;20,00;0,00;0,00;;Oui
1568;;stal goma;qte;0,00;0,00;20,00;0,00;0,00;;Oui
1569;;stal plastique;qte;0,00;0,00;20,00;0,00;0,00;;Oui
1570;;grmata goma;qte;0,00;0,00;20,00;0,00;0,00;;Oui
1571;;rolo nhas 1/2/1/4;qte;0,00;0,00;20,00;0,00;0,00;;Oui
1572;;rachacha podium noir;qte;0,00;0,00;20,00;0,00;0,00;;Oui
1573;;selom 4p turky;qte;0,00;0,00;20,00;0,00;0,00;;Oui
1574;;selom 3p turky;qte;0,00;0,00;20,00;0,00;0,00;;Oui
1575;;selom 5p turky;qte;0,00;0,00;20,00;0,00;0,00;;Oui
1576;;selom 8p marko;qte;0,00;0,00;20,00;0,00;0,00;;Oui
1577;;goma pvc 50;qte;0,00;0,00;20,00;0,00;0,00;;Oui
1578;;rolo nhas 1/2/3/8;qte;0,00;0,00;20,00;0,00;0,00;;Oui
1579;;rolo cable 3*25 ingelec;qte;0,00;0,00;20,00;0,00;0,00;;Oui
1580;;desco 250 ecoplus;qte;0,00;0,00;20,00;0,00;0,00;;Oui
1581;;desco 180 hanter;qte;0,00;0,00;20,00;0,00;0,00;;Oui
1582;;desco 125 ecoplus;qte;0,00;0,00;20,00;0,00;0,00;;Oui
1583;;laki 20kg atlas;qte;0,00;0,00;20,00;0,00;0,00;;Oui
1584;;tobo 20 coes;qte;0,00;0,00;20,00;0,00;0,00;;Oui
1585;;code 125 1/8 mftoh;qte;0,00;0,00;20,00;0,00;0,00;;Oui
1586;;code 200 1/8 mftoh;qte;0,00;0,00;20,00;0,00;0,00;;Oui
1587;;griga 125;qte;0,00;0,00;20,00;0,00;0,00;;Oui
1588;;tee 200;qte;0,00;0,00;20,00;0,00;0,00;;Oui
1589;;griga 160;qte;0,00;0,00;20,00;0,00;0,00;;Oui
1590;;griga 200;qte;0,00;0,00;20,00;0,00;0,00;;Oui
1591;;code 160 1/4 mchdod;qte;0,00;0,00;20,00;0,00;0,00;;Oui
1592;;code 160 1/8 mftoh;qte;0,00;0,00;20,00;0,00;0,00;;Oui
1593;;code 200 1/4 mchdod;qte;0,00;0,00;20,00;0,00;0,00;;Oui
1594;;tobo 20 kalde vert;qte;0,00;0,00;20,00;0,00;0,00;;Oui
1595;;tobo 200 2eme pvc;qte;0,00;0,00;20,00;0,00;0,00;;Oui
1596;;tobo 160 2eme pvc;qte;0,00;0,00;20,00;0,00;0,00;;Oui
1597;;tobo 110 1ere pvc;qte;0,00;0,00;20,00;0,00;0,00;;Oui
1598;;tobo 75 1ere pvc;qte;0,00;0,00;20,00;0,00;0,00;;Oui
1599;;tobo 50 1ere pvc;qte;0,00;0,00;20,00;0,00;0,00;;Oui
1600;;tobo 40 1ere pvc;qte;0,00;0,00;20,00;0,00;0,00;;Oui
1601;;tobo 32 1ere pvc;qte;0,00;0,00;20,00;0,00;0,00;;Oui
1602;;tobo 20 gris ppr;qte;0,00;0,00;20,00;0,00;0,00;;Oui
1603;;mraya 80*60 move;qte;0,00;0,00;20,00;0,00;0,00;;Oui
1604;;griga doble 110 coin;qte;0,00;0,00;20,00;0,00;0,00;;Oui
1605;;griga doble 110;qte;0,00;0,00;20,00;0,00;0,00;;Oui
1606;;code 100 ferro plast;qte;0,00;0,00;20,00;0,00;0,00;;Oui
1607;;tee 125 ferro plast;qte;0,00;0,00;20,00;0,00;0,00;;Oui
1608;;rediction botia 125/110 3adi;qte;0,00;0,00;20,00;0,00;0,00;;Oui
1609;;griga 100 doble;qte;0,00;0,00;20,00;0,00;0,00;;Oui
1610;;griga 125 coin doble;qte;0,00;0,00;20,00;0,00;0,00;;Oui
1611;;tobo 100 pvc 1ere;qte;0,00;0,00;20,00;0,00;0,00;;Oui
1612;;tee 20 kan;qte;0,00;0,00;20,00;0,00;0,00;;Oui
1613;;lavabo victoria;qte;0,00;0,00;20,00;0,00;0,00;;Oui
1614;;rjel jacob;qte;0,00;0,00;20,00;0,00;0,00;;Oui
1615;;serak daw 5mt ingelec;qte;0,00;0,00;20,00;0,00;0,00;;Oui
1616;;applique triya d hayt or+noir;qte;0,00;0,00;20,00;0,00;0,00;;Oui
1617;;applique triya d hayt or+or;qte;0,00;0,00;20,00;0,00;0,00;;Oui
1618;;applique triya d hayt noir+or;qte;0,00;0,00;20,00;0,00;0,00;;Oui
1619;;applique triya d hayt no9ri argent;qte;0,00;0,00;20,00;0,00;0,00;;Oui
1620;;neo vert 50mt g,eyes 1p;qte;0,00;0,00;20,00;0,00;0,00;;Oui
1621;;neo rjb 100mt g,eyes 1p;qte;0,00;0,00;20,00;0,00;0,00;;Oui
1622;;neo bleu 50mt g,eyes 1p;qte;0,00;0,00;20,00;0,00;0,00;;Oui
1623;;neo 3000k 50mt g,eyes 1p;qte;0,00;0,00;20,00;0,00;0,00;;Oui
1624;;cable camera smart link;qte;0,00;0,00;20,00;0,00;0,00;;Oui
1625;;cofree hdid 80*60*20 ingelec;qte;0,00;0,00;20,00;0,00;0,00;;Oui
1626;;cofree polister 50*40 ingelec;qte;0,00;0,00;20,00;0,00;0,00;;Oui
1627;;cofree polister 60*50 ingelec;qte;0,00;0,00;20,00;0,00;0,00;;Oui
1628;;cofree polister 40*30 ingelec;qte;0,00;0,00;20,00;0,00;0,00;;Oui
1629;;cofree hdid 60*40 ingelec;qte;0,00;0,00;20,00;0,00;0,00;;Oui
1630;;cofree polister 30*20 ingelec;qte;0,00;0,00;20,00;0,00;0,00;;Oui
1631;;boit distrubition cartouche;qte;0,00;0,00;20,00;0,00;0,00;;Oui
1632;;tacon brasadira lap;qte;0,00;0,00;20,00;0,00;0,00;;Oui
1633;;cofree palanter cohors;qte;0,00;0,00;20,00;0,00;0,00;;Oui
1634;;lavabo lave main coin vilda;qte;0,00;0,00;20,00;0,00;0,00;;Oui
1635;;grjouta 11 felflex;qte;0,00;0,00;20,00;0,00;0,00;;Oui
1636;;grjouta 16 felflex;qte;0,00;0,00;20,00;0,00;0,00;;Oui
1637;;sakhan 80l ariston;qte;0,00;0,00;20,00;0,00;0,00;;Oui
1638;;rolo neo 3000k 2p bilux;qte;0,00;0,00;20,00;0,00;0,00;;Oui
1639;;rolo neo 4000k 2p bilux;qte;0,00;0,00;20,00;0,00;0,00;;Oui
1640;;rolo neo 2000k 2p bilux;qte;0,00;0,00;20,00;0,00;0,00;;Oui
1641;;bola mr 16 6500k bilux;qte;0,00;0,00;20,00;0,00;0,00;;Oui
1642;;bola bilux 6500k gu 10;qte;0,00;0,00;20,00;0,00;0,00;;Oui
1643;;led 100mt 4000k g,eyes 1p;qte;0,00;0,00;20,00;0,00;0,00;;Oui
1644;;led 100mt 6500k madison 1p;qte;0,00;0,00;20,00;0,00;0,00;;Oui
1645;;led 100mt 6500k g,eyes 1p;qte;0,00;0,00;20,00;0,00;0,00;;Oui
1646;;led 100mt 6500k g,eyes 2p;qte;0,00;0,00;20,00;0,00;0,00;;Oui
1647;;led rjb madisson 2p;qte;0,00;0,00;20,00;0,00;0,00;;Oui
1648;;mueble 40*20cm blanc;qte;0,00;0,00;20,00;0,00;0,00;;Oui
1649;;sakhan 100l atlantic;qte;0,00;0,00;20,00;0,00;0,00;;Oui
1650;;mraya 80*60 3407;qte;0,00;0,00;20,00;0,00;0,00;;Oui
1651;;mraya 80*60 1128;qte;0,00;0,00;20,00;0,00;0,00;;Oui
1652;;panel 60*60 madisson;qte;0,00;0,00;20,00;0,00;0,00;;Oui
1653;;applique led  version2;qte;0,00;0,00;20,00;0,00;0,00;;Oui
1654;;caja 14 rach plastique;qte;0,00;0,00;20,00;0,00;0,00;;Oui
1655;;bola 9wt topage;qte;0,00;0,00;20,00;0,00;0,00;;Oui
1656;;tobo led 24wt 1,20cm;qte;0,00;0,00;20,00;0,00;0,00;;Oui
1657;;pakia tacon 10;qte;0,00;0,00;20,00;0,00;0,00;;Oui
1658;;rachacha ghlita inox;qte;0,00;0,00;20,00;0,00;0,00;;Oui
1659;;rachacha carre vero inox;qte;0,00;0,00;20,00;0,00;0,00;;Oui
1660;;colon docha noir podium;qte;0,00;0,00;20,00;0,00;0,00;;Oui
1661;;cable torsadi 2*10;qte;0,00;0,00;20,00;0,00;0,00;;Oui
1662;;goma pulitine 20 version1;qte;0,00;0,00;20,00;0,00;0,00;;Oui
1663;;grjouta 40 tupoertra;qte;0,00;0,00;20,00;0,00;0,00;;Oui
1664;;grjouta 16 tupoertra;qte;0,00;0,00;20,00;0,00;0,00;;Oui
1665;;grjouta 11 tupoertra;qte;0,00;0,00;20,00;0,00;0,00;;Oui
1666;;goma 21  grjouta  felflex;qte;0,00;0,00;20,00;0,00;0,00;;Oui
1667;;goma 21  grjouta rouge /bleu;qte;0,00;0,00;20,00;0,00;0,00;;Oui
1668;;bagit spain primera;qte;0,00;0,00;20,00;0,00;0,00;;Oui
1669;;bagit tlbis;qte;0,00;0,00;20,00;0,00;0,00;;Oui
1670;;pala gris;qte;0,00;0,00;20,00;0,00;0,00;;Oui
1671;;pala orange;qte;0,00;0,00;20,00;0,00;0,00;;Oui
1672;;griage d dajaj;qte;0,00;0,00;20,00;0,00;0,00;;Oui
1673;;lavabo gris 50*36 mueble;qte;0,00;0,00;20,00;0,00;0,00;;Oui
1674;;goma pulitine 20 version2;qte;0,00;0,00;20,00;0,00;0,00;;Oui
1675;;goma gaz orange;qte;0,00;0,00;20,00;0,00;0,00;;Oui
1676;;tasa orca arabia plasma;qte;0,00;0,00;20,00;0,00;0,00;;Oui
1677;;goma clemed 50 mt;qte;0,00;0,00;20,00;0,00;0,00;;Oui
1678;;cadre 1p marron jad version1;qte;0,00;0,00;20,00;0,00;0,00;;Oui
1679;;cadre 1p marfil jad;qte;0,00;0,00;20,00;0,00;0,00;;Oui
1680;;mftah v,v marron jad;qte;0,00;0,00;20,00;0,00;0,00;;Oui
1681;;mftah v,v d marron jad;qte;0,00;0,00;20,00;0,00;0,00;;Oui
1682;;sort fil marron jad;qte;0,00;0,00;20,00;0,00;0,00;;Oui
1683;;prise+tee marron jad;qte;0,00;0,00;20,00;0,00;0,00;;Oui
1684;;mftah 3adi marron jad;qte;0,00;0,00;20,00;0,00;0,00;;Oui
1685;;prise+tee marfil jad;qte;0,00;0,00;20,00;0,00;0,00;;Oui
1686;;prise 3adi marfil jad;qte;0,00;0,00;20,00;0,00;0,00;;Oui
1687;;mftah v,v marfil jad;qte;0,00;0,00;20,00;0,00;0,00;;Oui
1688;;mftah v,v,d marfil jad;qte;0,00;0,00;20,00;0,00;0,00;;Oui
1689;;mftah 3adi marfil jad;qte;0,00;0,00;20,00;0,00;0,00;;Oui
1690;;sort fil marfil jad;qte;0,00;0,00;20,00;0,00;0,00;;Oui
1691;;cache cable calva 95*63;qte;0,00;0,00;20,00;0,00;0,00;;Oui
1692;;tobo 125 pvc;qte;0,00;0,00;20,00;0,00;0,00;;Oui
1693;;tobo 25 ferro plast;qte;0,00;0,00;20,00;0,00;0,00;;Oui
1694;;code 125 1/8 pvc;qte;0,00;0,00;20,00;0,00;0,00;;Oui
1695;;tobo led 1,20mt le denco;qte;0,00;0,00;20,00;0,00;0,00;;Oui
1696;;tobo led 1,20mt ferri;qte;0,00;0,00;20,00;0,00;0,00;;Oui
1697;;tube orange 11 lap;qte;0,00;0,00;20,00;0,00;0,00;;Oui
1698;;tube orange 13 ines;qte;0,00;0,00;20,00;0,00;0,00;;Oui
1699;;tube orange 13 lap;qte;0,00;0,00;20,00;0,00;0,00;;Oui
1700;;tube orange 16 ines;qte;0,00;0,00;20,00;0,00;0,00;;Oui
1701;;pakia tacon 8 lap a;qte;0,00;0,00;20,00;0,00;0,00;;Oui
1702;;applique daw mraya ferri;qte;0,00;0,00;20,00;0,00;0,00;;Oui
1703;;triya 3p zenk mchbka;qte;0,00;0,00;20,00;0,00;0,00;;Oui
1704;;triya 3p zenk mnfkha;qte;0,00;0,00;20,00;0,00;0,00;;Oui
1705;;suspension blanc ferri;qte;0,00;0,00;20,00;0,00;0,00;;Oui
1706;;bola m-16 6500k g,eyes;qte;0,00;0,00;20,00;0,00;0,00;;Oui
1707;;bola gulo 3000k g,eyes;qte;0,00;0,00;20,00;0,00;0,00;;Oui
1708;;triya 3p mrakhma gris;qte;0,00;0,00;20,00;0,00;0,00;;Oui
1709;;boit lemparme mdfona lotto lap;qte;0,00;0,00;20,00;0,00;0,00;;Oui
1710;;sinta led 1mt 220v sfar;qte;0,00;0,00;20,00;0,00;0,00;;Oui
1711;;sinta led 1mt 220v blanc;qte;0,00;0,00;20,00;0,00;0,00;;Oui
1712;;transfer rjb 2p grapa;qte;0,00;0,00;20,00;0,00;0,00;;Oui
1713;;cache cable 3mm/6mm simon;qte;0,00;0,00;20,00;0,00;0,00;;Oui
1714;;triya 3p chbka nohasia;qte;0,00;0,00;20,00;0,00;0,00;;Oui
1715;;cache cable 60*40 turky;qte;0,00;0,00;20,00;0,00;0,00;;Oui
1716;;triya 3p sensla;qte;0,00;0,00;20,00;0,00;0,00;;Oui
1717;;cofree 27 dejancteur lap fousible;qte;0,00;0,00;20,00;0,00;0,00;;Oui
1718;;cofree 26 dejancteur lap fousible;qte;0,00;0,00;20,00;0,00;0,00;;Oui
1719;;cofree 26 lap fousible;qte;0,00;0,00;20,00;0,00;0,00;;Oui
1720;;transfer 2p grapa;qte;0,00;0,00;20,00;0,00;0,00;;Oui
1721;;cofree 10 lap fousible;qte;0,00;0,00;20,00;0,00;0,00;;Oui
1722;;cofree 12 lap fousible;qte;0,00;0,00;20,00;0,00;0,00;;Oui
1723;;cofree 10 igelec fousible;qte;0,00;0,00;20,00;0,00;0,00;;Oui
1724;;cofree 14 ingelec fousible;qte;0,00;0,00;20,00;0,00;0,00;;Oui
1725;;boit 15*15 limparme mdfona lap;qte;0,00;0,00;20,00;0,00;0,00;;Oui
1726;;ferfara china;qte;0,00;0,00;20,00;0,00;0,00;;Oui
1727;;serak daw 3p ingelec;qte;0,00;0,00;20,00;0,00;0,00;;Oui
1728;;serak daw 4p ingelec;qte;0,00;0,00;20,00;0,00;0,00;;Oui
1729;;gilot 40*40 gris;qte;0,00;0,00;20,00;0,00;0,00;;Oui
1730;;gilot 40*60 gris;qte;0,00;0,00;20,00;0,00;0,00;;Oui
1731;;gilot 60*60 gris;qte;0,00;0,00;20,00;0,00;0,00;;Oui
1732;;cache cable 40*60 simon;qte;0,00;0,00;20,00;0,00;0,00;;Oui
1733;;cache cable 20*16 simon;qte;0,00;0,00;20,00;0,00;0,00;;Oui
1734;;cache cable 20*16 turky;qte;0,00;0,00;20,00;0,00;0,00;;Oui
1735;;cache cable 25*16 turky;qte;0,00;0,00;20,00;0,00;0,00;;Oui
1736;;cadre bloc secour lumax;qte;0,00;0,00;20,00;0,00;0,00;;Oui
1737;;tobo 60cm hend led;qte;0,00;0,00;20,00;0,00;0,00;;Oui
1738;;reglet led 48wt60cm mayal;qte;0,00;0,00;20,00;0,00;0,00;;Oui
1739;;tobo led 1,20mt 18wt ingelec;qte;0,00;0,00;20,00;0,00;0,00;;Oui
1740;;reglet 36wt 1,20mt ingelec;qte;0,00;0,00;20,00;0,00;0,00;;Oui
1741;;reglet 100wt 1,20mt luxtrom;qte;0,00;0,00;20,00;0,00;0,00;;Oui
1742;;reglet 36wt 1,20mt visolux;qte;0,00;0,00;20,00;0,00;0,00;;Oui
1743;;poussoir dahbi kupp;qte;0,00;0,00;20,00;0,00;0,00;;Oui
1744;;reglet 100wt+volt 1,20mt;qte;0,00;0,00;20,00;0,00;0,00;;Oui
1745;;rglet 60wt 1,20mt proxled;qte;0,00;0,00;20,00;0,00;0,00;;Oui
1746;;tobo led 1,20mt visolux;qte;0,00;0,00;20,00;0,00;0,00;;Oui
1747;;reglet 1,20mt led revolux;qte;0,00;0,00;20,00;0,00;0,00;;Oui
1748;;tobo 1,20mt 3adi angelec;qte;0,00;0,00;20,00;0,00;0,00;;Oui
1749;;reglet 1,20mt led;qte;0,00;0,00;20,00;0,00;0,00;;Oui
1750;;mftah doble techka ingelec version1;qte;0,00;0,00;20,00;0,00;0,00;;Oui
1751;;tobo 60cm 3adi standard;qte;0,00;0,00;20,00;0,00;0,00;;Oui
1752;;mftah+prise techka 3adi;qte;0,00;0,00;20,00;0,00;0,00;;Oui
1753;;tobo led 60cm extrem;qte;0,00;0,00;20,00;0,00;0,00;;Oui
1754;;tobo 60cm 3adi bleu;qte;0,00;0,00;20,00;0,00;0,00;;Oui
1755;;prise+t techka 3adi;qte;0,00;0,00;20,00;0,00;0,00;;Oui
1756;;prise techka 3adi;qte;0,00;0,00;20,00;0,00;0,00;;Oui
1757;;possoir 3adi techka;qte;0,00;0,00;20,00;0,00;0,00;;Oui
1758;;reglet 1,20mt doble ingelec;qte;0,00;0,00;20,00;0,00;0,00;;Oui
1759;;reglet 1,20mt ingelec;qte;0,00;0,00;20,00;0,00;0,00;;Oui
1760;;reglet tobo daw 60cm 3adia mota;qte;0,00;0,00;20,00;0,00;0,00;;Oui
1761;;tobo daw 60cm 3adi ingelec;qte;0,00;0,00;20,00;0,00;0,00;;Oui
1762;;reglet daw led 60cm;qte;0,00;0,00;20,00;0,00;0,00;;Oui
1763;;tobo daw 10wt 30cm sylevana;qte;0,00;0,00;20,00;0,00;0,00;;Oui
1764;;tobo lap docha 40cm;qte;0,00;0,00;20,00;0,00;0,00;;Oui
1765;;tobo ingelec docha 40cm;qte;0,00;0,00;20,00;0,00;0,00;;Oui
1766;;heblo ingelec oval;qte;0,00;0,00;20,00;0,00;0,00;;Oui
1767;;susponsion noir+dahbi chbka;qte;0,00;0,00;20,00;0,00;0,00;;Oui
1768;;cofree 380v ozone;qte;0,00;0,00;20,00;0,00;0,00;;Oui
1769;;cofree magana 220v carre agadir;qte;0,00;0,00;20,00;0,00;0,00;;Oui
1770;;boit memoza mknes;qte;0,00;0,00;20,00;0,00;0,00;;Oui
1771;;applique noir hayt;qte;0,00;0,00;20,00;0,00;0,00;;Oui
1772;;applique gris hayt;qte;0,00;0,00;20,00;0,00;0,00;;Oui
1773;;applique blanc+dahbi hayt;qte;0,00;0,00;20,00;0,00;0,00;;Oui
1774;;suspension ddahbi+noir;qte;0,00;0,00;20,00;0,00;0,00;;Oui
1775;;susponsion dahbi+blanc;qte;0,00;0,00;20,00;0,00;0,00;;Oui
1776;;susponsion 3p;qte;0,00;0,00;20,00;0,00;0,00;;Oui
1777;;suspion rouge;qte;0,00;0,00;20,00;0,00;0,00;;Oui
1778;;susponsion sfar;qte;0,00;0,00;20,00;0,00;0,00;;Oui
1779;;triya 30 noir+or;qte;0,00;0,00;20,00;0,00;0,00;;Oui
1780;;triya 30 or+or;qte;0,00;0,00;20,00;0,00;0,00;;Oui
1781;;panel app 60*100 g,eyes;qte;0,00;0,00;20,00;0,00;0,00;;Oui
1782;;plafoner grand zaje kamla;qte;0,00;0,00;20,00;0,00;0,00;;Oui
1783;;hdida twila susponsion 3p;qte;0,00;0,00;20,00;0,00;0,00;;Oui
1784;;panel encastre 80wt g,eyes 60*60;qte;0,00;0,00;20,00;0,00;0,00;;Oui
1785;;applique d hayt italia fumagali blanc version1;qte;0,00;0,00;20,00;0,00;0,00;;Oui
1786;;applique d hayt italia fumagali noir;qte;0,00;0,00;20,00;0,00;0,00;;Oui
1787;;applique d hayt italia fumagali blanc version2;qte;0,00;0,00;20,00;0,00;0,00;;Oui
1788;;plafoner hayt nos dawra zaje;qte;0,00;0,00;20,00;0,00;0,00;;Oui
1789;;plafoner hayt mdwar zaj;qte;0,00;0,00;20,00;0,00;0,00;;Oui
1790;;susponsion chbka blanc arabia petit;qte;0,00;0,00;20,00;0,00;0,00;;Oui
1791;;susponsion chbka blanc arabia grand;qte;0,00;0,00;20,00;0,00;0,00;;Oui
1792;;applique mraya noir hayt ferri;qte;0,00;0,00;20,00;0,00;0,00;;Oui
1793;;susponsion ferri dahbi+noir;qte;0,00;0,00;20,00;0,00;0,00;;Oui
1794;;triya 40 dahbi+noir;qte;0,00;0,00;20,00;0,00;0,00;;Oui
1795;;triya 40dahbi+dahbi;qte;0,00;0,00;20,00;0,00;0,00;;Oui
1796;;triya 50 dahbi+dahbi;qte;0,00;0,00;20,00;0,00;0,00;;Oui
1797;;makina namos ferri grand;qte;0,00;0,00;20,00;0,00;0,00;;Oui
1798;;makina namos ferri moyen;qte;0,00;0,00;20,00;0,00;0,00;;Oui
1799;;makina namos ferri petit;qte;0,00;0,00;20,00;0,00;0,00;;Oui
1800;;applique daw ferri mraya;qte;0,00;0,00;20,00;0,00;0,00;;Oui
1801;;applique daw sensla ferri blanc;qte;0,00;0,00;20,00;0,00;0,00;;Oui
1802;;applique daw ard marko noir;qte;0,00;0,00;20,00;0,00;0,00;;Oui
1803;;projecteur 300wt;qte;0,00;0,00;20,00;0,00;0,00;;Oui
1804;;prorjecteur 200wt a;qte;0,00;0,00;20,00;0,00;0,00;;Oui
1805;;projecteur 200wt;qte;0,00;0,00;20,00;0,00;0,00;;Oui
1806;;projecteur ta9a chamchiya 150wt mayal;qte;0,00;0,00;20,00;0,00;0,00;;Oui
1807;;sifon 10*10 kupp dahbi;qte;0,00;0,00;20,00;0,00;0,00;;Oui
1808;;cofree 20*15 lemparme rach;qte;0,00;0,00;20,00;0,00;0,00;;Oui
1809;;cofree 20*15 lemparme lap;qte;0,00;0,00;20,00;0,00;0,00;;Oui
1810;;hiblo j@ light;qte;0,00;0,00;20,00;0,00;0,00;;Oui
1811;;srak daw 5mt ingelec;qte;0,00;0,00;20,00;0,00;0,00;;Oui
1812;;heblo zaj mdwar;qte;0,00;0,00;20,00;0,00;0,00;;Oui
1813;;tembre plastique bla selk;qte;0,00;0,00;20,00;0,00;0,00;;Oui
1814;;bola e27 ingelec sfar;qte;0,00;0,00;20,00;0,00;0,00;;Oui
1815;;fiche tv rouge+sfar+blanc;qte;0,00;0,00;20,00;0,00;0,00;;Oui
1816;;panel 24wt mdfona 3d g,eyes;qte;0,00;0,00;20,00;0,00;0,00;;Oui
1817;;bola luma e27 led 18wt;qte;0,00;0,00;20,00;0,00;0,00;;Oui
1818;;ras bola e27+randila lap blanc;qte;0,00;0,00;20,00;0,00;0,00;;Oui
1819;;fiche 3adi lap femelle;qte;0,00;0,00;20,00;0,00;0,00;;Oui
1820;;fiche 3adi lap male;qte;0,00;0,00;20,00;0,00;0,00;;Oui
1821;;ras bola e14 noir lap / blanc;qte;0,00;0,00;20,00;0,00;0,00;;Oui
1822;;fiche mdwar lap femlle;qte;0,00;0,00;20,00;0,00;0,00;;Oui
1823;;mftah 3adi lap,optima app;qte;0,00;0,00;20,00;0,00;0,00;;Oui
1824;;prise+t lap optima app;qte;0,00;0,00;20,00;0,00;0,00;;Oui
1825;;mftah rjb lap optima app;qte;0,00;0,00;20,00;0,00;0,00;;Oui
1826;;prise 3adi lap optima app;qte;0,00;0,00;20,00;0,00;0,00;;Oui
1827;;srak daw osaka 3p;qte;0,00;0,00;20,00;0,00;0,00;;Oui
1828;;srak daw ferfara 3p;qte;0,00;0,00;20,00;0,00;0,00;;Oui
1829;;srak daw 1,5mt  5p ingelec;qte;0,00;0,00;20,00;0,00;0,00;;Oui
1830;;srak daw 6p simon noir;qte;0,00;0,00;20,00;0,00;0,00;;Oui
1831;;srak daw 6 ingelec;qte;0,00;0,00;20,00;0,00;0,00;;Oui
1832;;srak daw 6p legrand;qte;0,00;0,00;20,00;0,00;0,00;;Oui
1833;;pakia brasadira petit blanc chs 15;qte;0,00;0,00;20,00;0,00;0,00;;Oui
1834;;pakia brasadira petit noir 20 cm;qte;0,00;0,00;20,00;0,00;0,00;;Oui
1835;;pakia brasaira blanc 40 cm;qte;0,00;0,00;20,00;0,00;0,00;;Oui
1836;;hdida tv ard 3adia;qte;0,00;0,00;20,00;0,00;0,00;;Oui
1837;;coffret 220v twil;qte;0,00;0,00;20,00;0,00;0,00;;Oui
1838;;hdida tv hayt momtaza;qte;0,00;0,00;20,00;0,00;0,00;;Oui
1839;;pakia brasadira grand noir 40cm;qte;0,00;0,00;20,00;0,00;0,00;;Oui
1840;;ralonge mdwar 10mt ingelec;qte;0,00;0,00;20,00;0,00;0,00;;Oui
1841;;geya safra 15mt;qte;0,00;0,00;20,00;0,00;0,00;;Oui
1842;;geya safra 10mt;qte;0,00;0,00;20,00;0,00;0,00;;Oui
1843;;geya gris 20mt;qte;0,00;0,00;20,00;0,00;0,00;;Oui
1844;;geya gris 25mt;qte;0,00;0,00;20,00;0,00;0,00;;Oui
1845;;geya gris 30mt;qte;0,00;0,00;20,00;0,00;0,00;;Oui
1846;;boit ap fousible 4p;qte;0,00;0,00;20,00;0,00;0,00;;Oui
1847;;boit ap fousible 7p;qte;0,00;0,00;20,00;0,00;0,00;;Oui
1848;;boit ap fousible 2p;qte;0,00;0,00;20,00;0,00;0,00;;Oui
1849;;boit ap fousible grand 12p;qte;0,00;0,00;20,00;0,00;0,00;;Oui
1850;;ras bola e27 grand lap hayt;qte;0,00;0,00;20,00;0,00;0,00;;Oui
1851;;cadre techka 1p;qte;0,00;0,00;20,00;0,00;0,00;;Oui
1852;;bola nebera led ferri;qte;0,00;0,00;20,00;0,00;0,00;;Oui
1853;;bola nebera 3adia;qte;0,00;0,00;20,00;0,00;0,00;;Oui
1854;;baghrira grand;qte;0,00;0,00;20,00;0,00;0,00;;Oui
1855;;ras bola 3adi e27 noir;qte;0,00;0,00;20,00;0,00;0,00;;Oui
1856;;mftah 3adi galaxy marron mecanisme;qte;0,00;0,00;20,00;0,00;0,00;;Oui
1857;;cadre 1p galaxy marron mecanisme;qte;0,00;0,00;20,00;0,00;0,00;;Oui
1858;;mftah mecanisme v,v galaxy marron;qte;0,00;0,00;20,00;0,00;0,00;;Oui
1859;;sort fil galaxy marron;qte;0,00;0,00;20,00;0,00;0,00;;Oui
1860;;mftah reno galaxy marron;qte;0,00;0,00;20,00;0,00;0,00;;Oui
1861;;mftah doble galaxy marron;qte;0,00;0,00;20,00;0,00;0,00;;Oui
1862;;mftah+prise galaxy marron;qte;0,00;0,00;20,00;0,00;0,00;;Oui
1863;;possoir galaxy marron;qte;0,00;0,00;20,00;0,00;0,00;;Oui
1864;;prise+t galaxy marron;qte;0,00;0,00;20,00;0,00;0,00;;Oui
1865;;mftah v,v doble mecanisme galaxy marron;qte;0,00;0,00;20,00;0,00;0,00;;Oui
1866;;fousible coupure 125a/500v/0;qte;0,00;0,00;20,00;0,00;0,00;;Oui
1867;;conecteur cable brachma;qte;0,00;0,00;20,00;0,00;0,00;;Oui
1868;;pakia tornios 2,5cm miche noir;qte;0,00;0,00;20,00;0,00;0,00;;Oui
1869;;code 1/2/16 male version2;qte;0,00;0,00;20,00;0,00;0,00;;Oui
1870;;resistance 20wt 220v bin;qte;0,00;0,00;20,00;0,00;0,00;;Oui
1871;;pakia grapa 14 gris;qte;0,00;0,00;20,00;0,00;0,00;;Oui
1872;;pakia grapa 7 blanc;qte;0,00;0,00;20,00;0,00;0,00;;Oui
1873;;baghrira dahbia;qte;0,00;0,00;20,00;0,00;0,00;;Oui
1874;;baghrira alum;qte;0,00;0,00;20,00;0,00;0,00;;Oui
1875;;bola 9wt e27 otomo;qte;0,00;0,00;20,00;0,00;0,00;;Oui
1876;;bola 9wt b22;qte;0,00;0,00;20,00;0,00;0,00;;Oui
1877;;port cartouch petit;qte;0,00;0,00;20,00;0,00;0,00;;Oui
1878;;fiche male 32a 3p+t 380v;qte;0,00;0,00;20,00;0,00;0,00;;Oui
1879;;fiche femelle 32a 3p+t 380v;qte;0,00;0,00;20,00;0,00;0,00;;Oui
1880;;fiche femelle 16a 4p+t 380v;qte;0,00;0,00;20,00;0,00;0,00;;Oui
1881;;fiche femelle 16a 5p+t 380v applique;qte;0,00;0,00;20,00;0,00;0,00;;Oui
1882;;bola golase 75wt daw sfar;qte;0,00;0,00;20,00;0,00;0,00;;Oui
1883;;fiche merican 3adi;qte;0,00;0,00;20,00;0,00;0,00;;Oui
1884;;fiche merican momtaz;qte;0,00;0,00;20,00;0,00;0,00;;Oui
1885;;bola 15wt dawq sfar;qte;0,00;0,00;20,00;0,00;0,00;;Oui
1886;;tacon 12 ingelec;qte;0,00;0,00;20,00;0,00;0,00;;Oui
1887;;sepador philips;qte;0,00;0,00;20,00;0,00;0,00;;Oui
1888;;fousible coupure cofree 500v/63a/00;qte;0,00;0,00;20,00;0,00;0,00;;Oui
1889;;fousible coupure cofree 500v/63a/0;qte;0,00;0,00;20,00;0,00;0,00;;Oui
1890;;fousible coupure cofree 500v/80a/0;qte;0,00;0,00;20,00;0,00;0,00;;Oui
1891;;fousible coupure cofree 500v/;qte;0,00;0,00;20,00;0,00;0,00;;Oui
1892;;fousible coupure cofree 500v/125/a/0;qte;0,00;0,00;20,00;0,00;0,00;;Oui
1893;;testor plano twil;qte;0,00;0,00;20,00;0,00;0,00;;Oui
1894;;testor plano petit;qte;0,00;0,00;20,00;0,00;0,00;;Oui
1895;;domino 6 ingelec 1001;qte;0,00;0,00;20,00;0,00;0,00;;Oui
1896;;domino 4 ingelec 1000;qte;0,00;0,00;20,00;0,00;0,00;;Oui
1897;;domino 4 3adi;qte;0,00;0,00;20,00;0,00;0,00;;Oui
1898;;cable hdm 3mt;qte;0,00;0,00;20,00;0,00;0,00;;Oui
1899;;cable hdm 5mt;qte;0,00;0,00;20,00;0,00;0,00;;Oui
1900;;switch petit;qte;0,00;0,00;20,00;0,00;0,00;;Oui
1901;;switch grand;qte;0,00;0,00;20,00;0,00;0,00;;Oui
1902;;applique mraya inox;qte;0,00;0,00;20,00;0,00;0,00;;Oui
1903;;domino 16 ingelec 1003;qte;0,00;0,00;20,00;0,00;0,00;;Oui
1904;;domino 10 ingelec 1002;qte;0,00;0,00;20,00;0,00;0,00;;Oui
1905;;bola color petit mdwra led marko vert;qte;0,00;0,00;20,00;0,00;0,00;;Oui
1906;;bola color petit mdwra led marko bleu;qte;0,00;0,00;20,00;0,00;0,00;;Oui
1907;;bola color petit mdwra led marko rouge;qte;0,00;0,00;20,00;0,00;0,00;;Oui
1908;;bola color grand e27 led marko vert;qte;0,00;0,00;20,00;0,00;0,00;;Oui
1909;;bola color grand e27 led marko rouge;qte;0,00;0,00;20,00;0,00;0,00;;Oui
1910;;bola color grand e27 led marko bleu;qte;0,00;0,00;20,00;0,00;0,00;;Oui
1911;;bola triya e14 mdwra 3adia ingelec;qte;0,00;0,00;20,00;0,00;0,00;;Oui
1912;;bola triya e14 oval 3adia ingelec;qte;0,00;0,00;20,00;0,00;0,00;;Oui
1913;;bola triya e27 60wt 3adia ingelec;qte;0,00;0,00;20,00;0,00;0,00;;Oui
1914;;bola 65wt topage;qte;0,00;0,00;20,00;0,00;0,00;;Oui
1915;;bola ferfara 3p jad;qte;0,00;0,00;20,00;0,00;0,00;;Oui
1916;;bola grand 48wt tbc;qte;0,00;0,00;20,00;0,00;0,00;;Oui
1917;;sifon 10*10 kupp noir;qte;0,00;0,00;20,00;0,00;0,00;;Oui
1918;;bola 40wt bosun;qte;0,00;0,00;20,00;0,00;0,00;;Oui
1919;;hiblo didecteur ta9a chamchiya camera;qte;0,00;0,00;20,00;0,00;0,00;;Oui
1920;;bola marko e27/30wt;qte;0,00;0,00;20,00;0,00;0,00;;Oui
1921;;fousible grand 9rtasa 380v/40a version1;qte;0,00;0,00;20,00;0,00;0,00;;Oui
1922;;fousible grand 9rtasa 380v/63a;qte;0,00;0,00;20,00;0,00;0,00;;Oui
1923;;fousible grand 9rtasa 380v/16a;qte;0,00;0,00;20,00;0,00;0,00;;Oui
1924;;fousible grand 9rtasa 380v/40a version2;qte;0,00;0,00;20,00;0,00;0,00;;Oui
1925;;fousible grand 9rtasa 220v/40a;qte;0,00;0,00;20,00;0,00;0,00;;Oui
1926;;bola b22 topage msmar;qte;0,00;0,00;20,00;0,00;0,00;;Oui
1927;;port cartouch grand;qte;0,00;0,00;20,00;0,00;0,00;;Oui
1928;;ras bola msmar;qte;0,00;0,00;20,00;0,00;0,00;;Oui
1929;;srak daw 3p 3adi;qte;0,00;0,00;20,00;0,00;0,00;;Oui
1930;;hdida kbira cartouch;qte;0,00;0,00;20,00;0,00;0,00;;Oui
1931;;hdida petit cartouch;qte;0,00;0,00;20,00;0,00;0,00;;Oui
1932;;mftah d etanch lap encastre gris;qte;0,00;0,00;20,00;0,00;0,00;;Oui
1933;;boit lemparme 15*18 lap;qte;0,00;0,00;20,00;0,00;0,00;;Oui
1934;;bola rgb e27;qte;0,00;0,00;20,00;0,00;0,00;;Oui
1935;;ras bola spota g10;qte;0,00;0,00;20,00;0,00;0,00;;Oui
1936;;sort fil mill capochino;qte;0,00;0,00;20,00;0,00;0,00;;Oui
1937;;prise 3adi mill capochino;qte;0,00;0,00;20,00;0,00;0,00;;Oui
1938;;mftah v,v,d mill capochino;qte;0,00;0,00;20,00;0,00;0,00;;Oui
1939;;prise tv mill capochino;qte;0,00;0,00;20,00;0,00;0,00;;Oui
1940;;prise rj 12 mill capochino;qte;0,00;0,00;20,00;0,00;0,00;;Oui
1941;;prise+t mill capochino;qte;0,00;0,00;20,00;0,00;0,00;;Oui
1942;;mftah 3adi mill capochino;qte;0,00;0,00;20,00;0,00;0,00;;Oui
1943;;mftah doble mill capochino;qte;0,00;0,00;20,00;0,00;0,00;;Oui
1944;;mftah redo mill capochino;qte;0,00;0,00;20,00;0,00;0,00;;Oui
1945;;mftah v,v mill capochino;qte;0,00;0,00;20,00;0,00;0,00;;Oui
1946;;mftah redo on/off mill capochino;qte;0,00;0,00;20,00;0,00;0,00;;Oui
1947;;poussoir mill capochino;qte;0,00;0,00;20,00;0,00;0,00;;Oui
1948;;boit lemparme 10*10 lap;qte;0,00;0,00;20,00;0,00;0,00;;Oui
1949;;boit lemparme 8 lap;qte;0,00;0,00;20,00;0,00;0,00;;Oui
1950;;ras bola grand lap s9af;qte;0,00;0,00;20,00;0,00;0,00;;Oui
1951;;panel 24wt a,p mdwar ferri;qte;0,00;0,00;20,00;0,00;0,00;;Oui
1952;;panel 18wt ferri encastre;qte;0,00;0,00;20,00;0,00;0,00;;Oui
1953;;panel 24 wt feriap;qte;0,00;0,00;20,00;0,00;0,00;;Oui
1954;;panel 24wt apparant 3d;qte;0,00;0,00;20,00;0,00;0,00;;Oui
1955;;sort fil simon 24;qte;0,00;0,00;20,00;0,00;0,00;;Oui
1956;;prise+t marron simon 24;qte;0,00;0,00;20,00;0,00;0,00;;Oui
1957;;prise 3adi marron simon 24;qte;0,00;0,00;20,00;0,00;0,00;;Oui
1958;;mftah doble chanel simon 24;qte;0,00;0,00;20,00;0,00;0,00;;Oui
1959;;mftah doble v,v simon 24;qte;0,00;0,00;20,00;0,00;0,00;;Oui
1960;;fousible 16a ingelec c;qte;0,00;0,00;20,00;0,00;0,00;;Oui
1961;;fousible 32a ingelec c;qte;0,00;0,00;20,00;0,00;0,00;;Oui
1962;;fousible 25a ingelec c;qte;0,00;0,00;20,00;0,00;0,00;;Oui
1963;;dejancteur 40a angelec c;qte;0,00;0,00;20,00;0,00;0,00;;Oui
1964;;poussoir redo ftah simon blanc;qte;0,00;0,00;20,00;0,00;0,00;;Oui
1965;;doble v,v simon blanc;qte;0,00;0,00;20,00;0,00;0,00;;Oui
1966;;sort fil simon blanc;qte;0,00;0,00;20,00;0,00;0,00;;Oui
1967;;mftah v,v simon blanc;qte;0,00;0,00;20,00;0,00;0,00;;Oui
1968;;spota rakizilt version1;qte;0,00;0,00;20,00;0,00;0,00;;Oui
1969;;cadre 1p blanc ingelec jad;qte;0,00;0,00;20,00;0,00;0,00;;Oui
1970;;spota rakizilt version2;qte;0,00;0,00;20,00;0,00;0,00;;Oui
1971;;spota rakizilt version9;qte;0,00;0,00;20,00;0,00;0,00;;Oui
1972;;spota rakizilt version10;qte;0,00;0,00;20,00;0,00;0,00;;Oui
1973;;pakia grapa 7 lap;qte;0,00;0,00;20,00;0,00;0,00;;Oui
1974;;spota restal ferri;qte;0,00;0,00;20,00;0,00;0,00;;Oui
1975;;pakia grapa 8 lap;qte;0,00;0,00;20,00;0,00;0,00;;Oui
1976;;spota rakizilt version3;qte;0,00;0,00;20,00;0,00;0,00;;Oui
1977;;pakia grapa 6 gris ingelec;qte;0,00;0,00;20,00;0,00;0,00;;Oui
1978;;pakia grapa 10 lap;qte;0,00;0,00;20,00;0,00;0,00;;Oui
1979;;spota rakizilt version4;qte;0,00;0,00;20,00;0,00;0,00;;Oui
1980;;spota rakizilt version5;qte;0,00;0,00;20,00;0,00;0,00;;Oui
1981;;pakia grapa 12 lap;qte;0,00;0,00;20,00;0,00;0,00;;Oui
1982;;spota rakizilt version6;qte;0,00;0,00;20,00;0,00;0,00;;Oui
1983;;spota rakizilt version7;qte;0,00;0,00;20,00;0,00;0,00;;Oui
1984;;spota rakizilt version8;qte;0,00;0,00;20,00;0,00;0,00;;Oui
1985;;mftah v,v noir jad;qte;0,00;0,00;20,00;0,00;0,00;;Oui
1986;;mftah tv noir jad;qte;0,00;0,00;20,00;0,00;0,00;;Oui
1987;;;qte;0,00;0,00;20,00;0,00;0,00;;Oui
1988;;cadre 2p  marron jad;qte;0,00;0,00;20,00;0,00;0,00;;Oui
1989;;cadre 3p wa9f marron jad;qte;0,00;0,00;20,00;0,00;0,00;;Oui
1990;;cadre 3p na3s marron jad;qte;0,00;0,00;20,00;0,00;0,00;;Oui
1991;;cadre 4p na3s marron jad;qte;0,00;0,00;20,00;0,00;0,00;;Oui
1992;;cadre 4p na3s marron marfil;qte;0,00;0,00;20,00;0,00;0,00;;Oui
1993;;bola decorative mdwra grand safra ferri;qte;0,00;0,00;20,00;0,00;0,00;;Oui
1994;;bola decorative mdwra petit safra ferri;qte;0,00;0,00;20,00;0,00;0,00;;Oui
1995;;support tv motaharik;qte;0,00;0,00;20,00;0,00;0,00;;Oui
1996;;support tv fixe 26/62;qte;0,00;0,00;20,00;0,00;0,00;;Oui
1997;;cadre spota noir golden;qte;0,00;0,00;20,00;0,00;0,00;;Oui
1998;;mftah d,v,v noir jad;qte;0,00;0,00;20,00;0,00;0,00;;Oui
1999;;mftah redo noir jad;qte;0,00;0,00;20,00;0,00;0,00;;Oui
2000;;poussoir noir jad;qte;0,00;0,00;20,00;0,00;0,00;;Oui
2001;;cadre 1p noir jad;qte;0,00;0,00;20,00;0,00;0,00;;Oui
2002;;sort fil noir jad;qte;0,00;0,00;20,00;0,00;0,00;;Oui
2003;;poussoir jad marron;qte;0,00;0,00;20,00;0,00;0,00;;Oui
2004;;mftah redo jad marron;qte;0,00;0,00;20,00;0,00;0,00;;Oui
2005;;prise rj45 jad marron;qte;0,00;0,00;20,00;0,00;0,00;;Oui
2006;;mftah D noir jad;qte;0,00;0,00;20,00;0,00;0,00;;Oui
2007;;spota vianova cristal version1;qte;0,00;0,00;20,00;0,00;0,00;;Oui
2008;;fiche cadre noir 6500k;qte;0,00;0,00;20,00;0,00;0,00;;Oui
2009;;spota 3p ravolux;qte;0,00;0,00;20,00;0,00;0,00;;Oui
2011;;bola led hi-light e14 led;qte;0,00;0,00;20,00;0,00;0,00;;Oui
2012;;cadre spota switch no9ri;qte;0,00;0,00;20,00;0,00;0,00;;Oui
2013;;sort fil jad blanc;qte;0,00;0,00;20,00;0,00;0,00;;Oui
2014;;prise tv jad blanc;qte;0,00;0,00;20,00;0,00;0,00;;Oui
2015;;poussoir jad blanc;qte;0,00;0,00;20,00;0,00;0,00;;Oui
2016;;mftah+prise jad blanc;qte;0,00;0,00;20,00;0,00;0,00;;Oui
2017;;mftah redo jad blanc;qte;0,00;0,00;20,00;0,00;0,00;;Oui
2018;;mftah doble jad blanc;qte;0,00;0,00;20,00;0,00;0,00;;Oui
2019;;mftah 3adi jad blanc;qte;0,00;0,00;20,00;0,00;0,00;;Oui
2020;;prise+t jad blanc;qte;0,00;0,00;20,00;0,00;0,00;;Oui
2021;;mftah v,v jad blanc;qte;0,00;0,00;20,00;0,00;0,00;;Oui
2022;;mftah v,v,d jad blanc;qte;0,00;0,00;20,00;0,00;0,00;;Oui
2023;;cadre 2p jad blanc;qte;0,00;0,00;20,00;0,00;0,00;;Oui
2024;;cadre 2p wa9f jad blanc;qte;0,00;0,00;20,00;0,00;0,00;;Oui
2025;;prise rj45 marfil jad;qte;0,00;0,00;20,00;0,00;0,00;;Oui
2026;;lampara blanc berau;qte;0,00;0,00;20,00;0,00;0,00;;Oui
2027;;lampara bleu berau;qte;0,00;0,00;20,00;0,00;0,00;;Oui
2028;;lampara noir berau;qte;0,00;0,00;20,00;0,00;0,00;;Oui
2029;;lampara rose berau;qte;0,00;0,00;20,00;0,00;0,00;;Oui
2030;;cadre 2p jad dune;qte;0,00;0,00;20,00;0,00;0,00;;Oui
2031;;cadre 1p jad dune;qte;0,00;0,00;20,00;0,00;0,00;;Oui
2032;;cadre 3p jad dune;qte;0,00;0,00;20,00;0,00;0,00;;Oui
2033;;mftah w prise galaxy blanc;qte;0,00;0,00;20,00;0,00;0,00;;Oui
2034;;prise tv galaxy blanc;qte;0,00;0,00;20,00;0,00;0,00;;Oui
2035;;mftah 3adi galaxy blanc;qte;0,00;0,00;20,00;0,00;0,00;;Oui
2036;;poussoir 3adi galaxy blanc;qte;0,00;0,00;20,00;0,00;0,00;;Oui
2037;;mftah doble 3adi galaxy blanc;qte;0,00;0,00;20,00;0,00;0,00;;Oui
2038;;mftah d,v,v galaxy blanc;qte;0,00;0,00;20,00;0,00;0,00;;Oui
2039;;mftah v,v galaxy blanc;qte;0,00;0,00;20,00;0,00;0,00;;Oui
2040;;sort fil galaxy blanc;qte;0,00;0,00;20,00;0,00;0,00;;Oui
2041;;cadre 4p n 57 mill;qte;0,00;0,00;20,00;0,00;0,00;;Oui
2042;;cadre 2p n 57 mill;qte;0,00;0,00;20,00;0,00;0,00;;Oui
2043;;cadre 1p n 57 mill;qte;0,00;0,00;20,00;0,00;0,00;;Oui
2044;;cadre 1p champigne mill;qte;0,00;0,00;20,00;0,00;0,00;;Oui
2045;;cadre 2p noir jad;qte;0,00;0,00;20,00;0,00;0,00;;Oui
2046;;prise +t noir jad;qte;0,00;0,00;20,00;0,00;0,00;;Oui
2047;;prise 3adi  noir jad;qte;0,00;0,00;20,00;0,00;0,00;;Oui
2048;;mftah 3adi  noir jad;qte;0,00;0,00;20,00;0,00;0,00;;Oui
2049;;cadre 1p n 53 mill;qte;0,00;0,00;20,00;0,00;0,00;;Oui
2050;;cadre 2p n 53 mill;qte;0,00;0,00;20,00;0,00;0,00;;Oui
2051;;ras bola e27 ingelec;qte;0,00;0,00;20,00;0,00;0,00;;Oui
2052;;cadre 3p n 53 mill;qte;0,00;0,00;20,00;0,00;0,00;;Oui
2053;;cadre 4p n 53 mill;qte;0,00;0,00;20,00;0,00;0,00;;Oui
2054;;cadre 3p n 52 mill;qte;0,00;0,00;20,00;0,00;0,00;;Oui
2055;;cadre 1p n 15 mill;qte;0,00;0,00;20,00;0,00;0,00;;Oui
2056;;cadre 2p n 15 mill;qte;0,00;0,00;20,00;0,00;0,00;;Oui
2057;;cadre 3p n 15 mill;qte;0,00;0,00;20,00;0,00;0,00;;Oui
2058;;cadre 2p wa9f n 10 mill;qte;0,00;0,00;20,00;0,00;0,00;;Oui
2059;;cadre 3p wa9f n 10 mill version1;qte;0,00;0,00;20,00;0,00;0,00;;Oui
2060;;cadre 3p wa9f n 10 mill version2;qte;0,00;0,00;20,00;0,00;0,00;;Oui
2061;;cadre 1p wa9f n 10 mill;qte;0,00;0,00;20,00;0,00;0,00;;Oui
2062;;cadre 4p wa9f n 10 mill;qte;0,00;0,00;20,00;0,00;0,00;;Oui
2063;;cadre 4p wa9f n 15 mill;qte;0,00;0,00;20,00;0,00;0,00;;Oui
2064;;cadre 2p wa9f n 11 mill;qte;0,00;0,00;20,00;0,00;0,00;;Oui
2065;;cadre 2p wa9f n 12 mill;qte;0,00;0,00;20,00;0,00;0,00;;Oui
2066;;cadre 4p wa9f n 11mill;qte;0,00;0,00;20,00;0,00;0,00;;Oui
2067;;cadre 1p 12 mill;qte;0,00;0,00;20,00;0,00;0,00;;Oui
2068;;cadre 3p wa9f n 12 mill;qte;0,00;0,00;20,00;0,00;0,00;;Oui
2069;;mftah v,v,d blanc mill;qte;0,00;0,00;20,00;0,00;0,00;;Oui
2070;;mftah v,v blanc mill;qte;0,00;0,00;20,00;0,00;0,00;;Oui
2071;;prise 3adi blanc mill;qte;0,00;0,00;20,00;0,00;0,00;;Oui
2072;;mftah redo blanc mill;qte;0,00;0,00;20,00;0,00;0,00;;Oui
2073;;poussoir blanc mill;qte;0,00;0,00;20,00;0,00;0,00;;Oui
2074;;prise tv milinium blanc;qte;0,00;0,00;20,00;0,00;0,00;;Oui
2075;;mftah v,v,d mill marron;qte;0,00;0,00;20,00;0,00;0,00;;Oui
2076;;mftah v,v mill marron;qte;0,00;0,00;20,00;0,00;0,00;;Oui
2077;;sort fil mill marron;qte;0,00;0,00;20,00;0,00;0,00;;Oui
2078;;mftah doble mill marron;qte;0,00;0,00;20,00;0,00;0,00;;Oui
2079;;prise+t mill marron;qte;0,00;0,00;20,00;0,00;0,00;;Oui
2080;;permateur mill marron;qte;0,00;0,00;20,00;0,00;0,00;;Oui
2081;;mftah redo on/off mill marron;qte;0,00;0,00;20,00;0,00;0,00;;Oui
2082;;sort fil marfil mill;qte;0,00;0,00;20,00;0,00;0,00;;Oui
2083;;prise tv marfil mill;qte;0,00;0,00;20,00;0,00;0,00;;Oui
2084;;mftah doble marfil mill;qte;0,00;0,00;20,00;0,00;0,00;;Oui
2085;;mftah v,v,d marfil mill;qte;0,00;0,00;20,00;0,00;0,00;;Oui
2086;;mftah 3adi marfil mill;qte;0,00;0,00;20,00;0,00;0,00;;Oui
2087;;mftah v,v marfil mill;qte;0,00;0,00;20,00;0,00;0,00;;Oui
2088;;mftah redo marfil mill;qte;0,00;0,00;20,00;0,00;0,00;;Oui
2089;;prise+t gris claire mill;qte;0,00;0,00;20,00;0,00;0,00;;Oui
2090;;prise 3adi gris claire mill;qte;0,00;0,00;20,00;0,00;0,00;;Oui
2091;;mftah doble gris claire mill;qte;0,00;0,00;20,00;0,00;0,00;;Oui
2092;;mftah v,v,d gris claire mill;qte;0,00;0,00;20,00;0,00;0,00;;Oui
2093;;mftah v,v gris claire mill;qte;0,00;0,00;20,00;0,00;0,00;;Oui
2094;;sort fil gris claire mill;qte;0,00;0,00;20,00;0,00;0,00;;Oui
2095;;mftah 3adi gris claire mill;qte;0,00;0,00;20,00;0,00;0,00;;Oui
2096;;poussoir gris claire mill;qte;0,00;0,00;20,00;0,00;0,00;;Oui
2097;;mftah redo gris claire mill;qte;0,00;0,00;20,00;0,00;0,00;;Oui
2098;;perminateur gris claire mill;qte;0,00;0,00;20,00;0,00;0,00;;Oui
2099;;prise rj45 gris claire mill;qte;0,00;0,00;20,00;0,00;0,00;;Oui
2100;;cadre 2p blanc legrand;qte;0,00;0,00;20,00;0,00;0,00;;Oui
2101;;cadre 3p marfil legrand;qte;0,00;0,00;20,00;0,00;0,00;;Oui
2102;;cadre 1p marfil legrand;qte;0,00;0,00;20,00;0,00;0,00;;Oui
2103;;cadre 2p marfil legrand;qte;0,00;0,00;20,00;0,00;0,00;;Oui
2104;;cadre 4p marfil legrand;qte;0,00;0,00;20,00;0,00;0,00;;Oui
2105;;rolo cable 2*2,5 mega;qte;0,00;0,00;20,00;0,00;0,00;;Oui
2106;;cadre 3p alum jad;qte;0,00;0,00;20,00;0,00;0,00;;Oui
2107;;rolo cable 2*1,5 3adi mt;qte;0,00;0,00;20,00;0,00;0,00;;Oui
2108;;rolo cable 3*1,5 nxs;qte;0,00;0,00;20,00;0,00;0,00;;Oui
2109;;tobo daw mraya arric;qte;0,00;0,00;20,00;0,00;0,00;;Oui
2110;;rolo cable 2,5 ingelec nixs;qte;0,00;0,00;20,00;0,00;0,00;;Oui
2111;;rolo cable 2,5 suple ingelec nixs;qte;0,00;0,00;20,00;0,00;0,00;;Oui
2112;;rolo cable 1,5 suple/rigide ingelec nixs;qte;0,00;0,00;20,00;0,00;0,00;;Oui
2113;;cable 10 ingelec nixs;qte;0,00;0,00;20,00;0,00;0,00;;Oui
2114;;cable 6  ingelec nixs;qte;0,00;0,00;20,00;0,00;0,00;;Oui
2115;;cable 10 3alamia;qte;0,00;0,00;20,00;0,00;0,00;;Oui
2116;;cable 4 nixs;qte;0,00;0,00;20,00;0,00;0,00;;Oui
2117;;tebsel parabol grand;qte;0,00;0,00;20,00;0,00;0,00;;Oui
2118;;parabol petit;qte;0,00;0,00;20,00;0,00;0,00;;Oui
2119;;suport parabol plastiqe asfar;qte;0,00;0,00;20,00;0,00;0,00;;Oui
2120;;rolo cable televest tv;qte;0,00;0,00;20,00;0,00;0,00;;Oui
2121;;rediction bola e27 e14;qte;0,00;0,00;20,00;0,00;0,00;;Oui
2122;;cable 4*4 ingelec;qte;0,00;0,00;20,00;0,00;0,00;;Oui
2123;;cable 2*1,5 nixs;qte;0,00;0,00;20,00;0,00;0,00;;Oui
2124;;cable 4*1 nixs;qte;0,00;0,00;20,00;0,00;0,00;;Oui
2125;;cable camera;qte;0,00;0,00;20,00;0,00;0,00;;Oui
2126;;cable 4 interphone;qte;0,00;0,00;20,00;0,00;0,00;;Oui
2127;;cable 14 interphone;qte;0,00;0,00;20,00;0,00;0,00;;Oui
2128;;barra rail omega;qte;0,00;0,00;20,00;0,00;0,00;;Oui
2129;;chemain cable 25*16;qte;0,00;0,00;20,00;0,00;0,00;;Oui
2130;;rail projecteur 1mt noir;qte;0,00;0,00;20,00;0,00;0,00;;Oui
2131;;rail projecteur 2mt noir;qte;0,00;0,00;20,00;0,00;0,00;;Oui
2132;;pince torsadi;qte;0,00;0,00;20,00;0,00;0,00;;Oui
2133;;prise tv marfil jad version1;qte;0,00;0,00;20,00;0,00;0,00;;Oui
2134;;cable noir fiche internet;qte;0,00;0,00;20,00;0,00;0,00;;Oui
2135;;fiche cable redo noir;qte;0,00;0,00;20,00;0,00;0,00;;Oui
2136;;poussoir marfil jad version1;qte;0,00;0,00;20,00;0,00;0,00;;Oui
2137;;mchta rouge+sfar+blanc;qte;0,00;0,00;20,00;0,00;0,00;;Oui
2138;;cable wifi 1,5mt;qte;0,00;0,00;20,00;0,00;0,00;;Oui
2139;;scotch later jekota;qte;0,00;0,00;20,00;0,00;0,00;;Oui
2140;;scotch noir moyen k-win;qte;0,00;0,00;20,00;0,00;0,00;;Oui
2141;;scotch jekota noir;qte;0,00;0,00;20,00;0,00;0,00;;Oui
2142;;scotch petit noir k-win version1;qte;0,00;0,00;20,00;0,00;0,00;;Oui
2143;;scotch sfar petit;qte;0,00;0,00;20,00;0,00;0,00;;Oui
2144;;scotch blanc petit;qte;0,00;0,00;20,00;0,00;0,00;;Oui
2145;;scotch rouge jekota;qte;0,00;0,00;20,00;0,00;0,00;;Oui
2146;;scotch noir alimania;qte;0,00;0,00;20,00;0,00;0,00;;Oui
2147;;scotch vert petit;qte;0,00;0,00;20,00;0,00;0,00;;Oui
2148;;scotch bleu petit;qte;0,00;0,00;20,00;0,00;0,00;;Oui
2149;;scotch noir petit mierko;qte;0,00;0,00;20,00;0,00;0,00;;Oui
2150;;pakia brasadira ingelec;qte;0,00;0,00;20,00;0,00;0,00;;Oui
2151;;projecteur 20wt inco;qte;0,00;0,00;20,00;0,00;0,00;;Oui
2152;;boit rouge;qte;0,00;0,00;20,00;0,00;0,00;;Oui
2153;;panel 18wt encastre golden;qte;0,00;0,00;20,00;0,00;0,00;;Oui
2154;;cadre 2p wa9f marfil jad;qte;0,00;0,00;20,00;0,00;0,00;;Oui
2155;;reparateur 100a220v tosun;qte;0,00;0,00;20,00;0,00;0,00;;Oui
2156;;reparateur 125a200v tosun;qte;0,00;0,00;20,00;0,00;0,00;;Oui
2157;;reparateur 100a38v legrane;qte;0,00;0,00;20,00;0,00;0,00;;Oui
2158;;reparateur 125a380v ingelec;qte;0,00;0,00;20,00;0,00;0,00;;Oui
2159;;reparateur 100a220v ingelec;qte;0,00;0,00;20,00;0,00;0,00;;Oui
2160;;prise etanche+t ap lap;qte;0,00;0,00;20,00;0,00;0,00;;Oui
2161;;prise 3adi etanche ap lap;qte;0,00;0,00;20,00;0,00;0,00;;Oui
2162;;mftah 3adi etanche ap lap;qte;0,00;0,00;20,00;0,00;0,00;;Oui
2163;;mftah v,v etanche ap lap;qte;0,00;0,00;20,00;0,00;0,00;;Oui
2164;;bloc secours mdwar led max;qte;0,00;0,00;20,00;0,00;0,00;;Oui
2165;;bloc secours mdwar visolux;qte;0,00;0,00;20,00;0,00;0,00;;Oui
2166;;lengasa;qte;0,00;0,00;20,00;0,00;0,00;;Oui
2167;;poussoir ap lap optimo;qte;0,00;0,00;20,00;0,00;0,00;;Oui
2168;;scotch daw noir etelek;qte;0,00;0,00;20,00;0,00;0,00;;Oui
2169;;goma bota orange;qte;0,00;0,00;20,00;0,00;0,00;;Oui
2170;;mftah doble ap lap optimo;qte;0,00;0,00;20,00;0,00;0,00;;Oui
2171;;born soire 16mm jinh;qte;0,00;0,00;20,00;0,00;0,00;;Oui
2172;;mftah doble etanche mdfoun lap aqua;qte;0,00;0,00;20,00;0,00;0,00;;Oui
2173;;mftah etanche mdfoun lap aqua;qte;0,00;0,00;20,00;0,00;0,00;;Oui
2174;;mftah v,v etanche mdfon ingelec;qte;0,00;0,00;20,00;0,00;0,00;;Oui
2175;;mftah v,v etanche mdfon ingelec gris;qte;0,00;0,00;20,00;0,00;0,00;;Oui
2176;;barra chant lap;qte;0,00;0,00;20,00;0,00;0,00;;Oui
2177;;borna 25mm ingelec;qte;0,00;0,00;20,00;0,00;0,00;;Oui
2178;;tembre soray lap;qte;0,00;0,00;20,00;0,00;0,00;;Oui
2179;;prise 3adi etanche mdfon lap;qte;0,00;0,00;20,00;0,00;0,00;;Oui
2180;;prise+t etanche mdfon blanc;qte;0,00;0,00;20,00;0,00;0,00;;Oui
2181;;panel 18*6 blanc+sfar;qte;0,00;0,00;20,00;0,00;0,00;;Oui
2182;;panel 6wt ap;qte;0,00;0,00;20,00;0,00;0,00;;Oui
2183;;spota almaz;qte;0,00;0,00;20,00;0,00;0,00;;Oui
2184;;bola 9wt led asfar e27 ingelec;qte;0,00;0,00;20,00;0,00;0,00;;Oui
2185;;bola e14 le sfar 6wt ingelec;qte;0,00;0,00;20,00;0,00;0,00;;Oui
2186;;bola e27 led sfar 6wt ingelec;qte;0,00;0,00;20,00;0,00;0,00;;Oui
2187;;spota g,eyes cristal version1;qte;0,00;0,00;20,00;0,00;0,00;;Oui
2188;;panel 18wt encastre ferri carre;qte;0,00;0,00;20,00;0,00;0,00;;Oui
2189;;spota topled rgb;qte;0,00;0,00;20,00;0,00;0,00;;Oui
2190;;spota led max version1;qte;0,00;0,00;20,00;0,00;0,00;;Oui
2191;;spota f,v cristal;qte;0,00;0,00;20,00;0,00;0,00;;Oui
2192;;projecteur rail omega noir;qte;0,00;0,00;20,00;0,00;0,00;;Oui
2193;;panel 18wt mdfon ingelec;qte;0,00;0,00;20,00;0,00;0,00;;Oui
2194;;spota led max xbka r9i9a;qte;0,00;0,00;20,00;0,00;0,00;;Oui
2195;;spota luma;qte;0,00;0,00;20,00;0,00;0,00;;Oui
2196;;spota led max version2;qte;0,00;0,00;20,00;0,00;0,00;;Oui
2197;;spota ap motaharik ferri;qte;0,00;0,00;20,00;0,00;0,00;;Oui
2198;;applique si29 ferri;qte;0,00;0,00;20,00;0,00;0,00;;Oui
2199;;bola triya 9wt e14 blanc promax;qte;0,00;0,00;20,00;0,00;0,00;;Oui
2200;;bola triya 6wt e14 blanc promax;qte;0,00;0,00;20,00;0,00;0,00;;Oui
2201;;spota cristal ls deco version1;qte;0,00;0,00;20,00;0,00;0,00;;Oui
2202;;spota cristal ls deco version2;qte;0,00;0,00;20,00;0,00;0,00;;Oui
2203;;liniche switch blanc;qte;0,00;0,00;20,00;0,00;0,00;;Oui
2204;;spota versach 3+3 bleu+blanc;qte;0,00;0,00;20,00;0,00;0,00;;Oui
2205;;panel 30wt encastre docha;qte;0,00;0,00;20,00;0,00;0,00;;Oui
2206;;spota top led cristal version1;qte;0,00;0,00;20,00;0,00;0,00;;Oui
2207;;spota cristal vianova;qte;0,00;0,00;20,00;0,00;0,00;;Oui
2208;;bola triya chafafa led g,eyes;qte;0,00;0,00;20,00;0,00;0,00;;Oui
2209;;spota luna;qte;0,00;0,00;20,00;0,00;0,00;;Oui
2210;;bola mesmar leav;qte;0,00;0,00;20,00;0,00;0,00;;Oui
2211;;liniche cadre dahbi led max 3000k sfar;qte;0,00;0,00;20,00;0,00;0,00;;Oui
2212;;spota grand led max;qte;0,00;0,00;20,00;0,00;0,00;;Oui
2213;;projecteur 100wt g,eyes;qte;0,00;0,00;20,00;0,00;0,00;;Oui
2214;;spota vianova cristal version2;qte;0,00;0,00;20,00;0,00;0,00;;Oui
2215;;applique daw hayt ferri;qte;0,00;0,00;20,00;0,00;0,00;;Oui
2216;;leniche 2cm led max blanc;qte;0,00;0,00;20,00;0,00;0,00;;Oui
2217;;cadre spota g,eyes blanc version1;qte;0,00;0,00;20,00;0,00;0,00;;Oui
2218;;leniche cadre dahbi 4000k;qte;0,00;0,00;20,00;0,00;0,00;;Oui
2219;;panel 3+3 blanc+rose;qte;0,00;0,00;20,00;0,00;0,00;;Oui
2220;;leniche 3cm bleu topled;qte;0,00;0,00;20,00;0,00;0,00;;Oui
2221;;mftah redo marfil jad;qte;0,00;0,00;20,00;0,00;0,00;;Oui
2222;;mftah doble marfil jad;qte;0,00;0,00;20,00;0,00;0,00;;Oui
2223;;permetateur marfil jad;qte;0,00;0,00;20,00;0,00;0,00;;Oui
2224;;prise tv marfil jad version2;qte;0,00;0,00;20,00;0,00;0,00;;Oui
2225;;poussoir marfil jad version2;qte;0,00;0,00;20,00;0,00;0,00;;Oui
2226;;cadre 3p marfil jad;qte;0,00;0,00;20,00;0,00;0,00;;Oui
2227;;cadre 4p marfil jad;qte;0,00;0,00;20,00;0,00;0,00;;Oui
2228;;cadre 4p blanc jad;qte;0,00;0,00;20,00;0,00;0,00;;Oui
2229;;cadre 3p blanc jad;qte;0,00;0,00;20,00;0,00;0,00;;Oui
2230;;cadre 3p ma9f blanc jad;qte;0,00;0,00;20,00;0,00;0,00;;Oui
2231;;profil led alum;qte;0,00;0,00;20,00;0,00;0,00;;Oui
2232;;cadre 1p marron jad version2;qte;0,00;0,00;20,00;0,00;0,00;;Oui
2233;;prise tv;qte;0,00;0,00;20,00;0,00;0,00;;Oui
2234;;cadre wa9f 3p dune jad;qte;0,00;0,00;20,00;0,00;0,00;;Oui
2235;;cadre 4p dune jad;qte;0,00;0,00;20,00;0,00;0,00;;Oui
2236;;bola golen 4000k g,eyes;qte;0,00;0,00;20,00;0,00;0,00;;Oui
2237;;projecteur 100wt mayal;qte;0,00;0,00;20,00;0,00;0,00;;Oui
2238;;projecteur 200wt flood light;qte;0,00;0,00;20,00;0,00;0,00;;Oui
2239;;projecteur 30wt sahara;qte;0,00;0,00;20,00;0,00;0,00;;Oui
2240;;heblo applique led max;qte;0,00;0,00;20,00;0,00;0,00;;Oui
2241;;leniche 3cm rose top led;qte;0,00;0,00;20,00;0,00;0,00;;Oui
2242;;leniche 3cm rose switch;qte;0,00;0,00;20,00;0,00;0,00;;Oui
2243;;leniche 3cm rose led max;qte;0,00;0,00;20,00;0,00;0,00;;Oui
2244;;prise 3adi legrand niloe;qte;0,00;0,00;20,00;0,00;0,00;;Oui
2245;;sort fil legrand;qte;0,00;0,00;20,00;0,00;0,00;;Oui
2246;;mftah legrand;qte;0,00;0,00;20,00;0,00;0,00;;Oui
2247;;mftah v,v legrand;qte;0,00;0,00;20,00;0,00;0,00;;Oui
2248;;leniche cadre noir daw sfar;qte;0,00;0,00;20,00;0,00;0,00;;Oui
2249;;cadre 2p malle 20;qte;0,00;0,00;20,00;0,00;0,00;;Oui
2250;;cadre 1p malle 20;qte;0,00;0,00;20,00;0,00;0,00;;Oui
2251;;cadre 4p malle 20;qte;0,00;0,00;20,00;0,00;0,00;;Oui
2252;;cadre 1p 32;qte;0,00;0,00;20,00;0,00;0,00;;Oui
2253;;cadre 2p 32;qte;0,00;0,00;20,00;0,00;0,00;;Oui
2254;;cadre 3p 32;qte;0,00;0,00;20,00;0,00;0,00;;Oui
2255;;cadre 4p 32;qte;0,00;0,00;20,00;0,00;0,00;;Oui
2256;;mftah galaxy gris;qte;0,00;0,00;20,00;0,00;0,00;;Oui
2257;;mftah galaxy v,v gris;qte;0,00;0,00;20,00;0,00;0,00;;Oui
2258;;mftah prise v,v galaxy;qte;0,00;0,00;20,00;0,00;0,00;;Oui
2259;;prise 3adi v,v galaxy;qte;0,00;0,00;20,00;0,00;0,00;;Oui
2260;;spota g,eyes cristal version2;qte;0,00;0,00;20,00;0,00;0,00;;Oui
2261;;sort fil galaxy gris;qte;0,00;0,00;20,00;0,00;0,00;;Oui
2262;;poussoir galaxy gris;qte;0,00;0,00;20,00;0,00;0,00;;Oui
2263;;mftah d,v,v;qte;0,00;0,00;20,00;0,00;0,00;;Oui
2264;;cadre spota g,eyes blanc+doré;qte;0,00;0,00;20,00;0,00;0,00;;Oui
2265;;mftah redo galaxy gris;qte;0,00;0,00;20,00;0,00;0,00;;Oui
2266;;transf rjb 3adi;qte;0,00;0,00;20,00;0,00;0,00;;Oui
2267;;mftah redo on/off mlle marfil;qte;0,00;0,00;20,00;0,00;0,00;;Oui
2268;;prise+t marfil mlle;qte;0,00;0,00;20,00;0,00;0,00;;Oui
2269;;poussoire melle marfil;qte;0,00;0,00;20,00;0,00;0,00;;Oui
2270;;cadre 1p 51 mlle marfil;qte;0,00;0,00;20,00;0,00;0,00;;Oui
2271;;rj45 mlle marfil;qte;0,00;0,00;20,00;0,00;0,00;;Oui
2272;;cadre 2p 51 mlle marfil;qte;0,00;0,00;20,00;0,00;0,00;;Oui
2273;;cadre 4p 51mlle marfil;qte;0,00;0,00;20,00;0,00;0,00;;Oui
2274;;cadre 3p 51 mlle marfil;qte;0,00;0,00;20,00;0,00;0,00;;Oui
2275;;cadre 1p 16 mlle;qte;0,00;0,00;20,00;0,00;0,00;;Oui
2276;;cadre 2p 16 mlle;qte;0,00;0,00;20,00;0,00;0,00;;Oui
2277;;cadre 3p 16 mlle;qte;0,00;0,00;20,00;0,00;0,00;;Oui
2278;;cadre marfil mlle;qte;0,00;0,00;20,00;0,00;0,00;;Oui
2279;;cadre 4p 16 mlle;qte;0,00;0,00;20,00;0,00;0,00;;Oui
2280;;cadre 1p 55 mlle;qte;0,00;0,00;20,00;0,00;0,00;;Oui
2281;;cadre 2p 55 mlle;qte;0,00;0,00;20,00;0,00;0,00;;Oui
2282;;cadre 3p 55 mlle;qte;0,00;0,00;20,00;0,00;0,00;;Oui
2283;;cadre 4p 55 mlle;qte;0,00;0,00;20,00;0,00;0,00;;Oui
2284;;cadre 4p wa9f 55 mlle;qte;0,00;0,00;20,00;0,00;0,00;;Oui
2285;;cadre 3p marfil mlle;qte;0,00;0,00;20,00;0,00;0,00;;Oui
2286;;spota g,eyes cristal version3;qte;0,00;0,00;20,00;0,00;0,00;;Oui
2287;;cadre 2p wa9f marfil mlle;qte;0,00;0,00;20,00;0,00;0,00;;Oui
2288;;spota cristal ls;qte;0,00;0,00;20,00;0,00;0,00;;Oui
2289;;bola spota 6wt lumens;qte;0,00;0,00;20,00;0,00;0,00;;Oui
2290;;bola triya e14 led sfar g,eyes;qte;0,00;0,00;20,00;0,00;0,00;;Oui
2291;;cadre 1p 52 mlle;qte;0,00;0,00;20,00;0,00;0,00;;Oui
2292;;cadre 4p 52 mlle;qte;0,00;0,00;20,00;0,00;0,00;;Oui
2293;;cadre 2p 52 mlle;qte;0,00;0,00;20,00;0,00;0,00;;Oui
2294;;cadre 3p 20 mlle;qte;0,00;0,00;20,00;0,00;0,00;;Oui
2295;;mftah doble simon 24 blanc;qte;0,00;0,00;20,00;0,00;0,00;;Oui
2296;;spota cristal opaque;qte;0,00;0,00;20,00;0,00;0,00;;Oui
2297;;spota g,eyes cristal version4;qte;0,00;0,00;20,00;0,00;0,00;;Oui
2298;;mftahrj11 simon 24;qte;0,00;0,00;20,00;0,00;0,00;;Oui
2299;;cadre 5p galaxy gris;qte;0,00;0,00;20,00;0,00;0,00;;Oui
2300;;cadre 4p  galaxy gris;qte;0,00;0,00;20,00;0,00;0,00;;Oui
2301;;cadre 3p  galaxy gris;qte;0,00;0,00;20,00;0,00;0,00;;Oui
2302;;cadre 2p  galaxy gris;qte;0,00;0,00;20,00;0,00;0,00;;Oui
2303;;cadre 3p marron galaxy;qte;0,00;0,00;20,00;0,00;0,00;;Oui
2304;;sort fil 24 simon blanc;qte;0,00;0,00;20,00;0,00;0,00;;Oui
2305;;cadre 3p blanc galaxy;qte;0,00;0,00;20,00;0,00;0,00;;Oui
2306;;cadre 2p blanc galaxy;qte;0,00;0,00;20,00;0,00;0,00;;Oui
2307;;prise+t simon 24 blanc;qte;0,00;0,00;20,00;0,00;0,00;;Oui
2308;;cadre 2p wa9f blanc;qte;0,00;0,00;20,00;0,00;0,00;;Oui
2309;;mftah permetateur blanc galaxy;qte;0,00;0,00;20,00;0,00;0,00;;Oui
2310;;motor redo bleu;qte;0,00;0,00;20,00;0,00;0,00;;Oui
2311;;mftah redo galaxy blanc;qte;0,00;0,00;20,00;0,00;0,00;;Oui
2312;;rj11 blanc galaxy;qte;0,00;0,00;20,00;0,00;0,00;;Oui
2313;;prise+t blanc galaxy;qte;0,00;0,00;20,00;0,00;0,00;;Oui
2314;;prise 2p 3ade blanc galaxy;qte;0,00;0,00;20,00;0,00;0,00;;Oui
2315;;cadre 5p marron galaxy;qte;0,00;0,00;20,00;0,00;0,00;;Oui
2316;;cadre 4p marron galaxy;qte;0,00;0,00;20,00;0,00;0,00;;Oui
2317;;cadre 2p marron galaxy wa9f;qte;0,00;0,00;20,00;0,00;0,00;;Oui
2318;;cadre 2p marron galaxy na3s;qte;0,00;0,00;20,00;0,00;0,00;;Oui
2319;;cadre 2p gris galxy wa9f;qte;0,00;0,00;20,00;0,00;0,00;;Oui
2320;;cadre 4p marron galaxy wa9f;qte;0,00;0,00;20,00;0,00;0,00;;Oui
2321;;cadre 5p blanc galaxy na3s;qte;0,00;0,00;20,00;0,00;0,00;;Oui
2322;;cadre 4p blanc galaxy na3s;qte;0,00;0,00;20,00;0,00;0,00;;Oui
2323;;cadre 4p blanc galaxy wa9f version1;qte;0,00;0,00;20,00;0,00;0,00;;Oui
2324;;cadre 4p blanc galaxy wa9f version2;qte;0,00;0,00;20,00;0,00;0,00;;Oui
2325;;doble sort fil galaxy;qte;0,00;0,00;20,00;0,00;0,00;;Oui
2326;;mftah v,v marron galaxy;qte;0,00;0,00;20,00;0,00;0,00;;Oui
2327;;prise 3adi  marron galaxy;qte;0,00;0,00;20,00;0,00;0,00;;Oui
2328;;prise rj12  marron galaxy;qte;0,00;0,00;20,00;0,00;0,00;;Oui
2329;;prise tv  marron galaxy;qte;0,00;0,00;20,00;0,00;0,00;;Oui
2330;;permitateur  marron galaxy;qte;0,00;0,00;20,00;0,00;0,00;;Oui
2331;;mftah d,v,v  marron galaxy;qte;0,00;0,00;20,00;0,00;0,00;;Oui
2332;;mftah 3adi  marron galaxy;qte;0,00;0,00;20,00;0,00;0,00;;Oui
2333;;mftah 3adi simon 24 blanc;qte;0,00;0,00;20,00;0,00;0,00;;Oui
2334;;mftah v,v  simon 24 blanc;qte;0,00;0,00;20,00;0,00;0,00;;Oui
2335;;prise 3adi  simon 24 blanc;qte;0,00;0,00;20,00;0,00;0,00;;Oui
2336;;sort fil  simon 24 blanc;qte;0,00;0,00;20,00;0,00;0,00;;Oui
2337;;mftah redo  simon 24 blanc;qte;0,00;0,00;20,00;0,00;0,00;;Oui
2338;;prise tv  simon 24 blanc;qte;0,00;0,00;20,00;0,00;0,00;;Oui
2339;;permitateur  simon 24 blanc;qte;0,00;0,00;20,00;0,00;0,00;;Oui
2340;;cadre 1p simon 24 blanc;qte;0,00;0,00;20,00;0,00;0,00;;Oui
2341;;cadre 2p  simon 24 blanc;qte;0,00;0,00;20,00;0,00;0,00;;Oui
2342;;cadre 3p  simon 24 blanc;qte;0,00;0,00;20,00;0,00;0,00;;Oui
2343;;cadre 4p  simon 24 blanc;qte;0,00;0,00;20,00;0,00;0,00;;Oui
2344;;cadre 4p marron simon 24;qte;0,00;0,00;20,00;0,00;0,00;;Oui
2345;;cadre 3p marron simon 24;qte;0,00;0,00;20,00;0,00;0,00;;Oui
2346;;cadre 2p marron simon 24;qte;0,00;0,00;20,00;0,00;0,00;;Oui
2347;;cadre 1p marron simon 24;qte;0,00;0,00;20,00;0,00;0,00;;Oui
2348;;cadre grafit 4p simon 24;qte;0,00;0,00;20,00;0,00;0,00;;Oui
3349version1;;cadre grafit 3p simon 24;qte;0,00;0,00;20,00;0,00;0,00;;Oui
2350;;cadre grafit 1p simon 24;qte;0,00;0,00;20,00;0,00;0,00;;Oui
2351;;cadre alum 4p simon 24;qte;0,00;0,00;20,00;0,00;0,00;;Oui
2352;;cadre alum 3p simon 24;qte;0,00;0,00;20,00;0,00;0,00;;Oui
2353;;cadre alum 2p simon 24;qte;0,00;0,00;20,00;0,00;0,00;;Oui
2354;;cadre alum 1p simon 24;qte;0,00;0,00;20,00;0,00;0,00;;Oui
2355;;cadre dahbi 4p simon 24;qte;0,00;0,00;20,00;0,00;0,00;;Oui
2356;;cadre dahbi 3p simon 24;qte;0,00;0,00;20,00;0,00;0,00;;Oui
2357;;cadre dahbi 2p simon 24;qte;0,00;0,00;20,00;0,00;0,00;;Oui
2358;;cadre dahbi 1p simon 24;qte;0,00;0,00;20,00;0,00;0,00;;Oui
2359;;fiche codi male lap;qte;0,00;0,00;20,00;0,00;0,00;;Oui
2360;;fiche mdwar male lap;qte;0,00;0,00;20,00;0,00;0,00;;Oui
2361;;cadre simon 24 bleu;qte;0,00;0,00;20,00;0,00;0,00;;Oui
2362;;mftah simon 24 marron;qte;0,00;0,00;20,00;0,00;0,00;;Oui
2363;;sort fil simon 24 marron sanfora;qte;0,00;0,00;20,00;0,00;0,00;;Oui
2364;;rj11 simon 24 marron;qte;0,00;0,00;20,00;0,00;0,00;;Oui
2365;;mftah redo simon 24 marron;qte;0,00;0,00;20,00;0,00;0,00;;Oui
2366;;prise tv simon 24 marron;qte;0,00;0,00;20,00;0,00;0,00;;Oui
2367;;poussoir simon 24 marron;qte;0,00;0,00;20,00;0,00;0,00;;Oui
2368;;mftah redo mlle gris;qte;0,00;0,00;20,00;0,00;0,00;;Oui
2369;;prise tv mlle gris;qte;0,00;0,00;20,00;0,00;0,00;;Oui
2370;;fousible 20a f,n legrand;qte;0,00;0,00;20,00;0,00;0,00;;Oui
2371;;fousible 16a f,n legrand;qte;0,00;0,00;20,00;0,00;0,00;;Oui
2372;;cadre 1p niloe blanc legrand;qte;0,00;0,00;20,00;0,00;0,00;;Oui
2373;;cadre 3p niloe blanc legrand;qte;0,00;0,00;20,00;0,00;0,00;;Oui
2374;;prise andula mosaic rouge;qte;0,00;0,00;20,00;0,00;0,00;;Oui
2375;;fousible 25a f,n legrand;qte;0,00;0,00;20,00;0,00;0,00;;Oui
2376;;fousible 10a f,n legrand;qte;0,00;0,00;20,00;0,00;0,00;;Oui
2377;;dejancteur 4p 63a/30ma legrand;qte;0,00;0,00;20,00;0,00;0,00;;Oui
2378;;dejancteur 25a/300ma 4p legrand;qte;0,00;0,00;20,00;0,00;0,00;;Oui
2379;;fousible 4p 32a legrand;qte;0,00;0,00;20,00;0,00;0,00;;Oui
2380;;fousible 40a 4p legrand;qte;0,00;0,00;20,00;0,00;0,00;;Oui
2381;;prise etanche mdfoun;qte;0,00;0,00;20,00;0,00;0,00;;Oui
2382;;spota panel 3+3 blanc+rose;qte;0,00;0,00;20,00;0,00;0,00;;Oui
2383;;panel 12+6wt mdfoun;qte;0,00;0,00;20,00;0,00;0,00;;Oui
2384;;mftah v,v techka ingelec;qte;0,00;0,00;20,00;0,00;0,00;;Oui
2385;;spota cristal topled;qte;0,00;0,00;20,00;0,00;0,00;;Oui
2386;;prise+t techka ingelec;qte;0,00;0,00;20,00;0,00;0,00;;Oui
2387;;leniche 2cm led max bleu;qte;0,00;0,00;20,00;0,00;0,00;;Oui
2388;;mftah doble techka ingelec version2;qte;0,00;0,00;20,00;0,00;0,00;;Oui
2389;;prise tv doble techka ingelec;qte;0,00;0,00;20,00;0,00;0,00;;Oui
2390;;bola 3p e14 triya;qte;0,00;0,00;20,00;0,00;0,00;;Oui
2391;;sort fil techka ingelec;qte;0,00;0,00;20,00;0,00;0,00;;Oui
2392;;mftah d,v,v techka ingelec;qte;0,00;0,00;20,00;0,00;0,00;;Oui
2393;;panel 20wt pro-x led;qte;0,00;0,00;20,00;0,00;0,00;;Oui
2394;;transf rjb g,eyes;qte;0,00;0,00;20,00;0,00;0,00;;Oui
2395;;panel 36wt 3p app;qte;0,00;0,00;20,00;0,00;0,00;;Oui
2396;;panel 18wt app ingelec;qte;0,00;0,00;20,00;0,00;0,00;;Oui
2397;;prejecteur 50wt g,eyes;qte;0,00;0,00;20,00;0,00;0,00;;Oui
2398;;panel 36wt 3p app mersim;qte;0,00;0,00;20,00;0,00;0,00;;Oui
2399;;sifon 10*10 kupp mna9ar;qte;0,00;0,00;20,00;0,00;0,00;;Oui
2400;;panel oval visolux tamaris;qte;0,00;0,00;20,00;0,00;0,00;;Oui
2401;;projecteur 50wt flood light;qte;0,00;0,00;20,00;0,00;0,00;;Oui
2402;;leniche 3cm bleu+39i9;qte;0,00;0,00;20,00;0,00;0,00;;Oui
2403;;spota led max version3;qte;0,00;0,00;20,00;0,00;0,00;;Oui
2404;;applique nahsi;qte;0,00;0,00;20,00;0,00;0,00;;Oui
2405;;spota etanche led max;qte;0,00;0,00;20,00;0,00;0,00;;Oui
2406;;spota cadre hdid aghlux;qte;0,00;0,00;20,00;0,00;0,00;;Oui
2407;;spota switch blanc carre;qte;0,00;0,00;20,00;0,00;0,00;;Oui
2408;;spota switch nohasiya;qte;0,00;0,00;20,00;0,00;0,00;;Oui
2409;;panel 18wt brabus;qte;0,00;0,00;20,00;0,00;0,00;;Oui
2410;;panel 24wt carre mdfon light;qte;0,00;0,00;20,00;0,00;0,00;;Oui
2411;;panel 24wt mdwar mdfon light;qte;0,00;0,00;20,00;0,00;0,00;;Oui
2412;;panet 18wt mdwar mdfon lumens;qte;0,00;0,00;20,00;0,00;0,00;;Oui
2413;;panel 18wt mdwar visolux;qte;0,00;0,00;20,00;0,00;0,00;;Oui
2414;;panel 24wt mdwar panel led app;qte;0,00;0,00;20,00;0,00;0,00;;Oui
2415;;panel 24wt mdwar mdfoun vitac;qte;0,00;0,00;20,00;0,00;0,00;;Oui
2416;;projecteur 10wt ferri;qte;0,00;0,00;20,00;0,00;0,00;;Oui
2417;;panel 18wt mdfoun led panel;qte;0,00;0,00;20,00;0,00;0,00;;Oui
2418;;panel 36wt 300k 3p vutac;qte;0,00;0,00;20,00;0,00;0,00;;Oui
2419;;cadre spota switch noir+nohasi;qte;0,00;0,00;20,00;0,00;0,00;;Oui
2420;;spota brabus cadre noir;qte;0,00;0,00;20,00;0,00;0,00;;Oui
2421;;leniche cadre dahbi led max 3cm blanc;qte;0,00;0,00;20,00;0,00;0,00;;Oui
2422;;bola atta decoratif;qte;0,00;0,00;20,00;0,00;0,00;;Oui
2423;;panel 6+6wt mdfon blanc+bleu;qte;0,00;0,00;20,00;0,00;0,00;;Oui
2424;;bola lawn carton rose;qte;0,00;0,00;20,00;0,00;0,00;;Oui
2425;;cadre spota 3adi;qte;0,00;0,00;20,00;0,00;0,00;;Oui
2426;;bola lawn carton bleu;qte;0,00;0,00;20,00;0,00;0,00;;Oui
2427;;bola lawn carton blanc;qte;0,00;0,00;20,00;0,00;0,00;;Oui
2428;;leniche 3cm 3000k joun;qte;0,00;0,00;20,00;0,00;0,00;;Oui
2429;;cadre spota noir+no9ri g,eyes;qte;0,00;0,00;20,00;0,00;0,00;;Oui
2430;;cadre spota dahbi switch;qte;0,00;0,00;20,00;0,00;0,00;;Oui
2431;;leniche 4000k 3cm switch;qte;0,00;0,00;20,00;0,00;0,00;;Oui
2432;;spota etanche ferri noir;qte;0,00;0,00;20,00;0,00;0,00;;Oui
2433;;cadre spota switch carre noir;qte;0,00;0,00;20,00;0,00;0,00;;Oui
2434;;bloc secour app visolux;qte;0,00;0,00;20,00;0,00;0,00;;Oui
2435;;leniche 3cm switch bleu;qte;0,00;0,00;20,00;0,00;0,00;;Oui
2436;;spota vianova cristal petit;qte;0,00;0,00;20,00;0,00;0,00;;Oui
2437;;cadre spota g,eyes noir version1;qte;0,00;0,00;20,00;0,00;0,00;;Oui
2438;;heblo canbo carre mchbek blanc;qte;0,00;0,00;20,00;0,00;0,00;;Oui
2439;;bola led e27 daw sfar;qte;0,00;0,00;20,00;0,00;0,00;;Oui
2440;;spota  cristal tea g,eyes;qte;0,00;0,00;20,00;0,00;0,00;;Oui
2441;;bola triya e14 8wt ingelec;qte;0,00;0,00;20,00;0,00;0,00;;Oui
2442;;bola triya e14 5wt ingelec;qte;0,00;0,00;20,00;0,00;0,00;;Oui
2443;;bola decorative g,eyes sfar;qte;0,00;0,00;20,00;0,00;0,00;;Oui
2444;;spota blanc+bleu g,eyes;qte;0,00;0,00;20,00;0,00;0,00;;Oui
2445;;panel 12wt mdfoun;qte;0,00;0,00;20,00;0,00;0,00;;Oui
2446;;bifan 30wt;qte;0,00;0,00;20,00;0,00;0,00;;Oui
2447;;tembre ping pong;qte;0,00;0,00;20,00;0,00;0,00;;Oui
2448;;fousible 2p 25a ingelec;qte;0,00;0,00;20,00;0,00;0,00;;Oui
2449;;spota alum energical;qte;0,00;0,00;20,00;0,00;0,00;;Oui
2450;;spota blanc+ rjb g,eyes;qte;0,00;0,00;20,00;0,00;0,00;;Oui
2451;;ras parabol 4p norsat;qte;0,00;0,00;20,00;0,00;0,00;;Oui
2452;;ras parabol 4p revolution;qte;0,00;0,00;20,00;0,00;0,00;;Oui
2453;;makina senial;qte;0,00;0,00;20,00;0,00;0,00;;Oui
2454;;ras parabol 1p azasat;qte;0,00;0,00;20,00;0,00;0,00;;Oui
2455;;ras parabol 1p atesh;qte;0,00;0,00;20,00;0,00;0,00;;Oui
2456;;ras parabol 2p starcom;qte;0,00;0,00;20,00;0,00;0,00;;Oui
2457;;mftah etanche mdfoun lap;qte;0,00;0,00;20,00;0,00;0,00;;Oui
2458;;prise+t blanc mlle;qte;0,00;0,00;20,00;0,00;0,00;;Oui
2459;;mftah blanc mlle;qte;0,00;0,00;20,00;0,00;0,00;;Oui
2460;;mftah doble blanc mlle;qte;0,00;0,00;20,00;0,00;0,00;;Oui
2461;;sort fil blanc mlle;qte;0,00;0,00;20,00;0,00;0,00;;Oui
2462;;cadre 2p blanc mlle;qte;0,00;0,00;20,00;0,00;0,00;;Oui
2463;;cadre 5p blanc mlle;qte;0,00;0,00;20,00;0,00;0,00;;Oui
2464;;mftah rj45 marron mlle;qte;0,00;0,00;20,00;0,00;0,00;;Oui
2465;;mftah poussoir marron mlle;qte;0,00;0,00;20,00;0,00;0,00;;Oui
2466;;mftah tv marron mlle;qte;0,00;0,00;20,00;0,00;0,00;;Oui
2467;;mftah 3andi marron mlle;qte;0,00;0,00;20,00;0,00;0,00;;Oui
2468;;cadre 2p marron mlle;qte;0,00;0,00;20,00;0,00;0,00;;Oui
2469;;cadre 4p marron mlle;qte;0,00;0,00;20,00;0,00;0,00;;Oui
2470;;dejancteur 40a/300ma legrand version1;qte;0,00;0,00;20,00;0,00;0,00;;Oui
2471;;dejancteur 63a/300ma;qte;0,00;0,00;20,00;0,00;0,00;;Oui
2472;;dejancteur 25a/300ma;qte;0,00;0,00;20,00;0,00;0,00;;Oui
2473;;dejancteur 40a/300ma legrand version2;qte;0,00;0,00;20,00;0,00;0,00;;Oui
2474;;prise+t le grand niloe;qte;0,00;0,00;20,00;0,00;0,00;;Oui
2475;;projecteur 30wt g,eyes;qte;0,00;0,00;20,00;0,00;0,00;;Oui
2476;;metrex dgital;qte;0,00;0,00;20,00;0,00;0,00;;Oui
2477;;born soray vitac;qte;0,00;0,00;20,00;0,00;0,00;;Oui
2478;;fousible 20a chant;qte;0,00;0,00;20,00;0,00;0,00;;Oui
2479;;fousible 10a ingelec;qte;0,00;0,00;20,00;0,00;0,00;;Oui
2480;;fousible ingelec 20a;qte;0,00;0,00;20,00;0,00;0,00;;Oui
2481;;fousible 32a ingelec;qte;0,00;0,00;20,00;0,00;0,00;;Oui
2482;;dejancteur garde charika;qte;0,00;0,00;20,00;0,00;0,00;;Oui
2483;;dejancteur 220v ingelc;qte;0,00;0,00;20,00;0,00;0,00;;Oui
2484;;dejancteur 40a legrand bla cartona;qte;0,00;0,00;20,00;0,00;0,00;;Oui
2485;;fousible 2p sassin;qte;0,00;0,00;20,00;0,00;0,00;;Oui
2486;;fousible 2p master lec;qte;0,00;0,00;20,00;0,00;0,00;;Oui
2487;;fousible f,n chant;qte;0,00;0,00;20,00;0,00;0,00;;Oui
2488;;led interpttona fex max;qte;0,00;0,00;20,00;0,00;0,00;;Oui
2489;;led interpttona bpt;qte;0,00;0,00;20,00;0,00;0,00;;Oui
2490;;applique nhas+noir;qte;0,00;0,00;20,00;0,00;0,00;;Oui
2491;;telerepteur le grand;qte;0,00;0,00;20,00;0,00;0,00;;Oui
2492;;ras bola+mftah;qte;0,00;0,00;20,00;0,00;0,00;;Oui
2493;;heblo dedacteur ingelec;qte;0,00;0,00;20,00;0,00;0,00;;Oui
2494;;scotch doble face 5mt;qte;0,00;0,00;20,00;0,00;0,00;;Oui
2495;;sifon 10*10 iphone dahbi;qte;0,00;0,00;20,00;0,00;0,00;;Oui
2496;;panel 6+6 blanc+sfar;qte;0,00;0,00;20,00;0,00;0,00;;Oui
2497;;support plasma motahark grand;qte;0,00;0,00;20,00;0,00;0,00;;Oui
2498;;barra cache cable ared;qte;0,00;0,00;20,00;0,00;0,00;;Oui
2499;;robinet docha fiora;qte;0,00;0,00;20,00;0,00;0,00;;Oui
2500;;spota 5wt rakiz light;qte;0,00;0,00;20,00;0,00;0,00;;Oui
2501;;boit carre bekhal;qte;0,00;0,00;20,00;0,00;0,00;;Oui
2502;;bola 10 spota g,eyes;qte;0,00;0,00;20,00;0,00;0,00;;Oui
2503;;applique vt-837 vital;qte;0,00;0,00;20,00;0,00;0,00;;Oui
2504;;applique vt-822 vital;qte;0,00;0,00;20,00;0,00;0,00;;Oui
2505;;applique vt-8058 vital;qte;0,00;0,00;20,00;0,00;0,00;;Oui
2506;;applique vt-76-62 vital;qte;0,00;0,00;20,00;0,00;0,00;;Oui
2507;;panel ferri 12wt carre;qte;0,00;0,00;20,00;0,00;0,00;;Oui
2508;;cadre galaxy rouge;qte;0,00;0,00;20,00;0,00;0,00;;Oui
2509;;cadre galaxy bleu;qte;0,00;0,00;20,00;0,00;0,00;;Oui
2510;;variateur marron galaxy;qte;0,00;0,00;20,00;0,00;0,00;;Oui
2511;;variateur blanc galaxy;qte;0,00;0,00;20,00;0,00;0,00;;Oui
2512;;cadre fluerissant galaxy;qte;0,00;0,00;20,00;0,00;0,00;;Oui
2513;;cadre galaxy vert;qte;0,00;0,00;20,00;0,00;0,00;;Oui
2514;;cadre galaxy noir;qte;0,00;0,00;20,00;0,00;0,00;;Oui
2515;;cadre galaxy nohasi;qte;0,00;0,00;20,00;0,00;0,00;;Oui
2516;;cadre galaxy rose;qte;0,00;0,00;20,00;0,00;0,00;;Oui
2517;;cadre galaxy no9ri;qte;0,00;0,00;20,00;0,00;0,00;;Oui
2518;;cadre galaxy dahbi;qte;0,00;0,00;20,00;0,00;0,00;;Oui
2519;;cadre galaxy orange;qte;0,00;0,00;20,00;0,00;0,00;;Oui
2520;;prise usb marron;qte;0,00;0,00;20,00;0,00;0,00;;Oui
2521;;mftah d legrand niloe blanc;qte;0,00;0,00;20,00;0,00;0,00;;Oui
2522;;mftah d,v,v legrand niloe blanc;qte;0,00;0,00;20,00;0,00;0,00;;Oui
2523;;dedicteur app;qte;0,00;0,00;20,00;0,00;0,00;;Oui
2524;;dedicteur app mayal;qte;0,00;0,00;20,00;0,00;0,00;;Oui
2525;;dedicteur mdfon led max;qte;0,00;0,00;20,00;0,00;0,00;;Oui
2526;;dedicteur mdfon combo petit;qte;0,00;0,00;20,00;0,00;0,00;;Oui
2527;;dedicteur mdfon madison;qte;0,00;0,00;20,00;0,00;0,00;;Oui
2528;;dedicteur mdfon combo;qte;0,00;0,00;20,00;0,00;0,00;;Oui
2529;;dedicteur app combo;qte;0,00;0,00;20,00;0,00;0,00;;Oui
2530;;camera motahark;qte;0,00;0,00;20,00;0,00;0,00;;Oui
2531;;befan 5 mhk;qte;0,00;0,00;20,00;0,00;0,00;;Oui
2532;;befan 6wt ceiling;qte;0,00;0,00;20,00;0,00;0,00;;Oui
2533;;recepteur echolink;qte;0,00;0,00;20,00;0,00;0,00;;Oui
2534;;camera 2mp exterieur;qte;0,00;0,00;20,00;0,00;0,00;;Oui
2535;;camera 2mp interieur;qte;0,00;0,00;20,00;0,00;0,00;;Oui
2536;;camera 5mp exterieur;qte;0,00;0,00;20,00;0,00;0,00;;Oui
2537;;camera 5mp interieur;qte;0,00;0,00;20,00;0,00;0,00;;Oui
2538;;boit prise ared ingelec;qte;0,00;0,00;20,00;0,00;0,00;;Oui
2539;;resepteur grand;qte;0,00;0,00;20,00;0,00;0,00;;Oui
2540;;bola ingelec e40;qte;0,00;0,00;20,00;0,00;0,00;;Oui
2541;;terna tosun lux grand;qte;0,00;0,00;20,00;0,00;0,00;;Oui
2542;;interphone 2p fermax;qte;0,00;0,00;20,00;0,00;0,00;;Oui
2543;;interphone 1p fermax;qte;0,00;0,00;20,00;0,00;0,00;;Oui
2544;;interphone 4p fermax;qte;0,00;0,00;20,00;0,00;0,00;;Oui
2545;;dvr 5mp 4p;qte;0,00;0,00;20,00;0,00;0,00;;Oui
2546;;dvr 5mp 8p;qte;0,00;0,00;20,00;0,00;0,00;;Oui
2547;;dvr 2mp 4p;qte;0,00;0,00;20,00;0,00;0,00;;Oui
2548;;boit alimontation 8p;qte;0,00;0,00;20,00;0,00;0,00;;Oui
2549;;cadre 2p noir simon24;qte;0,00;0,00;20,00;0,00;0,00;;Oui
2550;;cable rj45 cat6;qte;0,00;0,00;20,00;0,00;0,00;;Oui
2551;;kilot rj45;qte;0,00;0,00;20,00;0,00;0,00;;Oui
2552;;fiche khayt camera 2p;qte;0,00;0,00;20,00;0,00;0,00;;Oui
2553;;tembre sensor haraka;qte;0,00;0,00;20,00;0,00;0,00;;Oui
2554;;scotch doble face ceys;qte;0,00;0,00;20,00;0,00;0,00;;Oui
2555;;terna petit kodak usb;qte;0,00;0,00;20,00;0,00;0,00;;Oui
2556;;cofrre 4p magana;qte;0,00;0,00;20,00;0,00;0,00;;Oui
2557;;cofrre dvr camera;qte;0,00;0,00;20,00;0,00;0,00;;Oui
2558;;cora susponsion noir;qte;0,00;0,00;20,00;0,00;0,00;;Oui
2559;;susponsion arabia chbka;qte;0,00;0,00;20,00;0,00;0,00;;Oui
2560;;applique sensla sus marko;qte;0,00;0,00;20,00;0,00;0,00;;Oui
2561;;cadre spota g,eyes noir version2;qte;0,00;0,00;20,00;0,00;0,00;;Oui
2562;;led 4p susponsion;qte;0,00;0,00;20,00;0,00;0,00;;Oui
2563;;sifon 50cm noir rolin;qte;0,00;0,00;20,00;0,00;0,00;;Oui
2564;;susponsion 3p ferri;qte;0,00;0,00;20,00;0,00;0,00;;Oui
2565;;hbel;qte;0,00;0,00;20,00;0,00;0,00;;Oui
2566;;hbel susponsion;qte;0,00;0,00;20,00;0,00;0,00;;Oui
2567;;loh noir susponsion;qte;0,00;0,00;20,00;0,00;0,00;;Oui
2568;;led gold 1p g,eyes;qte;0,00;0,00;20,00;0,00;0,00;;Oui
2569;;prise jad blanc;qte;0,00;0,00;20,00;0,00;0,00;;Oui
2570;;led vip 220 blanc g,eyes;qte;0,00;0,00;20,00;0,00;0,00;;Oui
2571;;cadre 1p galaxy blanc;qte;0,00;0,00;20,00;0,00;0,00;;Oui
2572;;led 2p 3adi g,eyes blanc;qte;0,00;0,00;20,00;0,00;0,00;;Oui
2573;;led sfar 1p 3adi;qte;0,00;0,00;20,00;0,00;0,00;;Oui
2574;;led rose 2p 3adi;qte;0,00;0,00;20,00;0,00;0,00;;Oui
2575;;led bleu 2p 3adi;qte;0,00;0,00;20,00;0,00;0,00;;Oui
2576;;led sfar 2p 3adi;qte;0,00;0,00;20,00;0,00;0,00;;Oui
2577;;led bleu 2p mftoh grapa;qte;0,00;0,00;20,00;0,00;0,00;;Oui
2578;;led rouge 2p grapa;qte;0,00;0,00;20,00;0,00;0,00;;Oui
2579;;led rose 1p grapa;qte;0,00;0,00;20,00;0,00;0,00;;Oui
2580;;led rjb 1p grapa;qte;0,00;0,00;20,00;0,00;0,00;;Oui
2581;;led 2p grapa rjb;qte;0,00;0,00;20,00;0,00;0,00;;Oui
2582;;led 1p 220 sfar;qte;0,00;0,00;20,00;0,00;0,00;;Oui
2583;;cable 3*0,75 3adi;qte;0,00;0,00;20,00;0,00;0,00;;Oui
2584;;cable 3*2,5 3adi;qte;0,00;0,00;20,00;0,00;0,00;;Oui
2585;;cable 3*1,5 3adi;qte;0,00;0,00;20,00;0,00;0,00;;Oui
2586;;cable 3*1,5 istanbol;qte;0,00;0,00;20,00;0,00;0,00;;Oui
2587;;cable 3*2,5 istanbol;qte;0,00;0,00;20,00;0,00;0,00;;Oui
2588;;cable 2*2,5 istanbol;qte;0,00;0,00;20,00;0,00;0,00;;Oui
2589;;cable 2*1,5 mt version2;qte;0,00;0,00;20,00;0,00;0,00;;Oui
2590;;cable caputain 2*1,5 istanbol;qte;0,00;0,00;20,00;0,00;0,00;;Oui
2591;;trya 3p rjb;qte;0,00;0,00;20,00;0,00;0,00;;Oui
2592;;trya rjb petit;qte;0,00;0,00;20,00;0,00;0,00;;Oui
2593;;susponsion 3p noir;qte;0,00;0,00;20,00;0,00;0,00;;Oui
2594;;susponsion 3p bronze;qte;0,00;0,00;20,00;0,00;0,00;;Oui
2595;;susponsion 3p corazon noir;qte;0,00;0,00;20,00;0,00;0,00;;Oui
2596;;susponsion 3p bronze mo3ayana;qte;0,00;0,00;20,00;0,00;0,00;;Oui
2597;;trya 60 noir+or;qte;0,00;0,00;20,00;0,00;0,00;;Oui
2598;;trya usb grand;qte;0,00;0,00;20,00;0,00;0,00;;Oui
2599;;trya frfara;qte;0,00;0,00;20,00;0,00;0,00;;Oui
2600;;trya 40 dahbiya;qte;0,00;0,00;20,00;0,00;0,00;;Oui
2601;;trya dahbiya+noir twila;qte;0,00;0,00;20,00;0,00;0,00;;Oui
2602;;trya 50 dahbi+noir;qte;0,00;0,00;20,00;0,00;0,00;;Oui
2603;;trya 50 dahbi+dahbi;qte;0,00;0,00;20,00;0,00;0,00;;Oui
2604;;trya pikala;qte;0,00;0,00;20,00;0,00;0,00;;Oui
2605;;rachacha el khalil;qte;0,00;0,00;20,00;0,00;0,00;;Oui
2606;;rediction 125/50/40;qte;0,00;0,00;20,00;0,00;0,00;;Oui
2607;;rediction 125/50;qte;0,00;0,00;20,00;0,00;0,00;;Oui
2608;;rediction 110/40/40/40 version2;qte;0,00;0,00;20,00;0,00;0,00;;Oui
2609;;prise+t  gris;qte;0,00;0,00;20,00;0,00;0,00;;Oui
2610;;prise v gris;qte;0,00;0,00;20,00;0,00;0,00;;Oui
2611;;3adla ps momtaza;qte;0,00;0,00;20,00;0,00;0,00;;Oui
2612;;balon 100l italia;qte;0,00;0,00;20,00;0,00;0,00;;Oui
2613;;landwi ghabra colorado;qte;0,00;0,00;20,00;0,00;0,00;;Oui
2614;;landwi blanc de blanc;qte;0,00;0,00;20,00;0,00;0,00;;Oui
2615;;matex 30 kg;qte;0,00;0,00;20,00;0,00;0,00;;Oui
2616;;rolo 18 akro;qte;0,00;0,00;20,00;0,00;0,00;;Oui
2617;;boite lap carre;qte;0,00;0,00;20,00;0,00;0,00;;Oui
2618;;projectour zanka e40;qte;0,00;0,00;20,00;0,00;0,00;;Oui
2619;;dochita inox;qte;0,00;0,00;20,00;0,00;0,00;;Oui
2620;;dochita noir version1;qte;0,00;0,00;20,00;0,00;0,00;;Oui
2621;;dochita dahbi;qte;0,00;0,00;20,00;0,00;0,00;;Oui
2622;;rachacha noir;qte;0,00;0,00;20,00;0,00;0,00;;Oui
2623;;robinet docha noir benoir;qte;0,00;0,00;20,00;0,00;0,00;;Oui
2624;;robinet lavabo noir version1;qte;0,00;0,00;20,00;0,00;0,00;;Oui
2625;;robinet cocina noir binoir;qte;0,00;0,00;20,00;0,00;0,00;;Oui
2626;;robinet docha  noir binoir;qte;0,00;0,00;20,00;0,00;0,00;;Oui
2627;;laki mate 20kg atlas;qte;0,00;0,00;20,00;0,00;0,00;;Oui
2628;;seche main toledo;qte;0,00;0,00;20,00;0,00;0,00;;Oui
2629;;lavabo semi colonne porcher;qte;0,00;0,00;20,00;0,00;0,00;;Oui
2630;;lavabo 50 blanc prive jacob;qte;0,00;0,00;20,00;0,00;0,00;;Oui
2631;;bidet  jacob;qte;0,00;0,00;20,00;0,00;0,00;;Oui
2632;;lsa9 papier peint 250g;qte;0,00;0,00;20,00;0,00;0,00;;Oui
2633;;meuble mdf 60*46 cm toronto noir;qte;0,00;0,00;20,00;0,00;0,00;;Oui
2634;;meuble mdf 60*46 cm toronto sonoma;qte;0,00;0,00;20,00;0,00;0,00;;Oui
2635;;meuble mdf 60*46 cm toronto gris;qte;0,00;0,00;20,00;0,00;0,00;;Oui
2636;;meuble mdf 60*46 cm toronto blanc;qte;0,00;0,00;20,00;0,00;0,00;;Oui
2637;;evier inox 50*40 inox sous plan ferri;qte;0,00;0,00;20,00;0,00;0,00;;Oui
2638;;evier inox 50*40 noir sous plan ferri;qte;0,00;0,00;20,00;0,00;0,00;;Oui
2639;;evier inox 60*45 inox sous plan ferri;qte;0,00;0,00;20,00;0,00;0,00;;Oui
2640;;pack serena blanc bidet suspendue;qte;0,00;0,00;20,00;0,00;0,00;;Oui
2641;;chauffe eau 10l ariston;qte;0,00;0,00;20,00;0,00;0,00;;Oui
2642;;chauffe eau 15l ariston;qte;0,00;0,00;20,00;0,00;0,00;;Oui
2643;;cofrre 14 lap;qte;0,00;0,00;20,00;0,00;0,00;;Oui
2644;;boit tacon 10 lap;qte;0,00;0,00;20,00;0,00;0,00;;Oui
2645;;tube orange 11 inas;qte;0,00;0,00;20,00;0,00;0,00;;Oui
2646;;tube orange 9 inas;qte;0,00;0,00;20,00;0,00;0,00;;Oui
2647;;prise 3adi mecanisme galaxy lap marron;qte;0,00;0,00;20,00;0,00;0,00;;Oui
2648;;fousible 16a ingelec;qte;0,00;0,00;20,00;0,00;0,00;;Oui
2649;;fousible 25a;qte;0,00;0,00;20,00;0,00;0,00;;Oui
2650;;prise tichka ingelec;qte;0,00;0,00;20,00;0,00;0,00;;Oui
2651;;mftah tichka ingelec;qte;0,00;0,00;20,00;0,00;0,00;;Oui
2652;;mftah+prise tichka ingelec;qte;0,00;0,00;20,00;0,00;0,00;;Oui
2653;;panel 36wt madisson;qte;0,00;0,00;20,00;0,00;0,00;;Oui
2654;;tobo led 60cm ingelec blanc;qte;0,00;0,00;20,00;0,00;0,00;;Oui
2655;;spota 3p crestal;qte;0,00;0,00;20,00;0,00;0,00;;Oui
2656;;cambio robinet moyen;qte;0,00;0,00;20,00;0,00;0,00;;Oui
2657;;grjouta 40 jimtem;qte;0,00;0,00;20,00;0,00;0,00;;Oui
2658;;dejancteur chant 40a;qte;0,00;0,00;20,00;0,00;0,00;;Oui
2659;;bola dedecteur 9wt;qte;0,00;0,00;20,00;0,00;0,00;;Oui
2660;;seport tv petit fix;qte;0,00;0,00;20,00;0,00;0,00;;Oui
2661;;seport tv grand fix;qte;0,00;0,00;20,00;0,00;0,00;;Oui
2662;;robinet cocina privat;qte;0,00;0,00;20,00;0,00;0,00;;Oui
2663;;transformador grapa rjb;qte;0,00;0,00;20,00;0,00;0,00;;Oui
2664;;selocona blanc;qte;0,00;0,00;20,00;0,00;0,00;;Oui
2665;;selecona noir;qte;0,00;0,00;20,00;0,00;0,00;;Oui
2666;;wait spirit sodisco;qte;0,00;0,00;20,00;0,00;0,00;;Oui
2667;;telecomande 3p;qte;0,00;0,00;20,00;0,00;0,00;;Oui
2668;;bola led e27 4wt rouge;qte;0,00;0,00;20,00;0,00;0,00;;Oui
2669;;bola led e27 4wt bleu;qte;0,00;0,00;20,00;0,00;0,00;;Oui
2670;;bola led e27 4wt rose;qte;0,00;0,00;20,00;0,00;0,00;;Oui
2671;;panel 36wt mdfon carre 3d;qte;0,00;0,00;20,00;0,00;0,00;;Oui
2672;;panel 24wt mdfon carre 3d;qte;0,00;0,00;20,00;0,00;0,00;;Oui
2673;;stabilizateur 500 va;qte;0,00;0,00;20,00;0,00;0,00;;Oui
2674;;Stabilizateur 2000 Va;qte;0,00;0,00;20,00;0,00;0,00;;Oui
2675;;Stabilizateur 3000  Va;qte;0,00;0,00;20,00;0,00;0,00;;Oui
2676;;transf 12v 200wt;qte;0,00;0,00;20,00;0,00;0,00;;Oui
2677;;transf 12v 150wt;qte;0,00;0,00;20,00;0,00;0,00;;Oui
2678;;transf 12v 100wt;qte;0,00;0,00;20,00;0,00;0,00;;Oui
2679;;led 5mt 12v;qte;0,00;0,00;20,00;0,00;0,00;;Oui
2680;;heblo rond 15wt blanc;qte;0,00;0,00;20,00;0,00;0,00;;Oui
2681;;heblo oval 15wt blanc;qte;0,00;0,00;20,00;0,00;0,00;;Oui
2682;;susponsion rwida d hbel mdwar;qte;0,00;0,00;20,00;0,00;0,00;;Oui
2683;;susponsion blanc+dahbi;qte;0,00;0,00;20,00;0,00;0,00;;Oui
2684;;bola led 60wt ferri;qte;0,00;0,00;20,00;0,00;0,00;;Oui
2685;;contre marche noir 4000k;qte;0,00;0,00;20,00;0,00;0,00;;Oui
2686;;contre marche blanc 4000k;qte;0,00;0,00;20,00;0,00;0,00;;Oui
2687;;contre marche jaune;qte;0,00;0,00;20,00;0,00;0,00;;Oui
2688;;contre marche bleu 2wt x 45mm;qte;0,00;0,00;20,00;0,00;0,00;;Oui
2689;;contre marche bleu 2wt x 70mm;qte;0,00;0,00;20,00;0,00;0,00;;Oui
2690;;contre marche bleu fleche 2wt x 70mm;qte;0,00;0,00;20,00;0,00;0,00;;Oui
2691;;panel ecastre 36wt rond 3d;qte;0,00;0,00;20,00;0,00;0,00;;Oui
2692;;bola led a60 4wt e-27 rouge;qte;0,00;0,00;20,00;0,00;0,00;;Oui
2693;;bola led a60 4wt e-27 bleu;qte;0,00;0,00;20,00;0,00;0,00;;Oui
2694;;bola led a60 4wt e-27 rose;qte;0,00;0,00;20,00;0,00;0,00;;Oui
2695;;prise doble 16a mlle blanc;qte;0,00;0,00;20,00;0,00;0,00;;Oui
2696;;prise 2p galaxy 6a maron;qte;0,00;0,00;20,00;0,00;0,00;;Oui
2697;;prise 3p galaxy 6a maron;qte;0,00;0,00;20,00;0,00;0,00;;Oui
2698;;prise 3p galaxy 6a blanc;qte;0,00;0,00;20,00;0,00;0,00;;Oui
2699;;prise doble 16a galaxy blanc;qte;0,00;0,00;20,00;0,00;0,00;;Oui
2700;;cadre spota cyclonic blanc;qte;0,00;0,00;20,00;0,00;0,00;;Oui
2701;;feusible doble 32a legrand;qte;0,00;0,00;20,00;0,00;0,00;;Oui
2702;;mraya 60*60 (JY-03)(jy-05);qte;0,00;0,00;20,00;0,00;0,00;;Oui
2703;;mraya js 11;qte;0,00;0,00;20,00;0,00;0,00;;Oui
2704;;robinet tabla chrome cocina;qte;0,00;0,00;20,00;0,00;0,00;;Oui
2705;;robinet tabla noir cocina;qte;0,00;0,00;20,00;0,00;0,00;;Oui
2706;;robinet lavabo hand grohe;qte;0,00;0,00;20,00;0,00;0,00;;Oui
2707;;robinet bedit grohe;qte;0,00;0,00;20,00;0,00;0,00;;Oui
2708;;sifon vsa 60cm;qte;0,00;0,00;20,00;0,00;0,00;;Oui
2709;;robinet cocina tabla kolai;qte;0,00;0,00;20,00;0,00;0,00;;Oui
2710;;cable mth 075;qte;0,00;0,00;20,00;0,00;0,00;;Oui
2711;;robinet tabla ferri;qte;0,00;0,00;20,00;0,00;0,00;;Oui
2712;;losa 20*20 vert;qte;0,00;0,00;20,00;0,00;0,00;;Oui
2713;;heblo dedecteur ingelec;qte;0,00;0,00;20,00;0,00;0,00;;Oui
2714;;sifon 60cm dahbi;qte;0,00;0,00;20,00;0,00;0,00;;Oui
2715;;ras bola e27 lap;qte;0,00;0,00;20,00;0,00;0,00;;Oui
2716;;susponsion 71006;qte;0,00;0,00;20,00;0,00;0,00;;Oui
2717;;susponsion 71012;qte;0,00;0,00;20,00;0,00;0,00;;Oui
2718;;susponsion 71014;qte;0,00;0,00;20,00;0,00;0,00;;Oui
2719;;susponsion 71040;qte;0,00;0,00;20,00;0,00;0,00;;Oui
2720;;susponsion 71003;qte;0,00;0,00;20,00;0,00;0,00;;Oui
2721;;mecanisme gota;qte;0,00;0,00;20,00;0,00;0,00;;Oui
2722;;brocha 12;qte;0,00;0,00;20,00;0,00;0,00;;Oui
2723;;flexible 1mt m/f;qte;0,00;0,00;20,00;0,00;0,00;;Oui
2724;;reglet 100wt;qte;0,00;0,00;20,00;0,00;0,00;;Oui
2725;;dedecteur golden eyes;qte;0,00;0,00;20,00;0,00;0,00;;Oui
2726;;pompa 3a;qte;0,00;0,00;20,00;0,00;0,00;;Oui
2727;;pompa 50a;qte;0,00;0,00;20,00;0,00;0,00;;Oui
2728;;pompa 6a;qte;0,00;0,00;20,00;0,00;0,00;;Oui
2729;;pompa petit;qte;0,00;0,00;20,00;0,00;0,00;;Oui
2730;;pompa petit 0,75hp version1;qte;0,00;0,00;20,00;0,00;0,00;;Oui
2731;;pompa petit 0,75hp version2;qte;0,00;0,00;20,00;0,00;0,00;;Oui
2732;;pompa nakhla 2hp;qte;0,00;0,00;20,00;0,00;0,00;;Oui
2733;;pompa nakhla 1,5hp;qte;0,00;0,00;20,00;0,00;0,00;;Oui
2734;;balon 24l;qte;0,00;0,00;20,00;0,00;0,00;;Oui
2735;;prise control;qte;0,00;0,00;20,00;0,00;0,00;;Oui
2736;;zyada lavadora;qte;0,00;0,00;20,00;0,00;0,00;;Oui
2737;;rediction 1/2/3/4 nhas;qte;0,00;0,00;20,00;0,00;0,00;;Oui
2738;;disque hjar 125 atlas;qte;0,00;0,00;20,00;0,00;0,00;;Oui
2739;;condisador 14;qte;0,00;0,00;20,00;0,00;0,00;;Oui
2740;;tee 1/2 nhas 3adi;qte;0,00;0,00;20,00;0,00;0,00;;Oui
2741;;boit jonction;qte;0,00;0,00;20,00;0,00;0,00;;Oui
2742;;chovo 50l;qte;0,00;0,00;20,00;0,00;0,00;;Oui
2743;;selom 4 darjat;qte;0,00;0,00;20,00;0,00;0,00;;Oui
2744;;selom 5 darjat;qte;0,00;0,00;20,00;0,00;0,00;;Oui
2745;;selom 6 darjat;qte;0,00;0,00;20,00;0,00;0,00;;Oui
2746;;bola ferfra 4p;qte;0,00;0,00;20,00;0,00;0,00;;Oui
2747;;heblo oval;qte;0,00;0,00;20,00;0,00;0,00;;Oui
2748;;baghrira 75wt;qte;0,00;0,00;20,00;0,00;0,00;;Oui
2749;;les niche 3*3 rouge;qte;0,00;0,00;20,00;0,00;0,00;;Oui
2750;;les niche 3*3 bleu;qte;0,00;0,00;20,00;0,00;0,00;;Oui
2751;;les niche 3*3 rjb;qte;0,00;0,00;20,00;0,00;0,00;;Oui
2752;;contacteur 3p 220v;qte;0,00;0,00;20,00;0,00;0,00;;Oui
2753;;ferfara garvanise;qte;0,00;0,00;20,00;0,00;0,00;;Oui
2754;;cable tv;qte;0,00;0,00;20,00;0,00;0,00;;Oui
2755;;tente atlas  eau;qte;0,00;0,00;20,00;0,00;0,00;;Oui
2756;;khayal 2,5kg;qte;0,00;0,00;20,00;0,00;0,00;;Oui
2757;;stila 2,5kg;qte;0,00;0,00;20,00;0,00;0,00;;Oui
2758;;landwi 5kg broda colorado;qte;0,00;0,00;20,00;0,00;0,00;;Oui
2759;;scotch kaghit 5cm miarco;qte;0,00;0,00;20,00;0,00;0,00;;Oui
2760;;cadre spota g,eyes blanc version2;qte;0,00;0,00;20,00;0,00;0,00;;Oui
2761;;horlog mhk;qte;0,00;0,00;20,00;0,00;0,00;;Oui
2762;;dochita noir version2;qte;0,00;0,00;20,00;0,00;0,00;;Oui
2763;;dochita gold 22;qte;0,00;0,00;20,00;0,00;0,00;;Oui
2764;;dochita gold 26;qte;0,00;0,00;20,00;0,00;0,00;;Oui
2765;;paso 1/2/3/8;qte;0,00;0,00;20,00;0,00;0,00;;Oui
2766;;paso 1/2/1/2;qte;0,00;0,00;20,00;0,00;0,00;;Oui
2767;;robinet nfrarouge chrome;qte;0,00;0,00;20,00;0,00;0,00;;Oui
2768;;robinet infrarouge gold;qte;0,00;0,00;20,00;0,00;0,00;;Oui
2769;;robinet tabla chrome mate;qte;0,00;0,00;20,00;0,00;0,00;;Oui
2770;;selom alum 4 mt;qte;0,00;0,00;20,00;0,00;0,00;;Oui
2771;;selom alum 5 mt;qte;0,00;0,00;20,00;0,00;0,00;;Oui
2772;;selom alum 6 mt;qte;0,00;0,00;20,00;0,00;0,00;;Oui
2773;;poussoir troplain kupp inox;qte;0,00;0,00;20,00;0,00;0,00;;Oui
2774;;mftah doble 3adi apparant etanche;qte;0,00;0,00;20,00;0,00;0,00;;Oui
2775;;evier inox 60*45;qte;0,00;0,00;20,00;0,00;0,00;;Oui
2776;;poussoir noir spain;qte;0,00;0,00;20,00;0,00;0,00;;Oui
2777;;robinet lavabo klitop;qte;0,00;0,00;20,00;0,00;0,00;;Oui
2778;;robinet docha klitop;qte;0,00;0,00;20,00;0,00;0,00;;Oui
2779;;rotola toper;qte;0,00;0,00;20,00;0,00;0,00;;Oui
2780;;rotola klitop;qte;0,00;0,00;20,00;0,00;0,00;;Oui
2781;;mecanisme aqua;qte;0,00;0,00;20,00;0,00;0,00;;Oui
2782;;kayata sakhan malver;qte;0,00;0,00;20,00;0,00;0,00;;Oui
2783;;kayata sakhan 9sir;qte;0,00;0,00;20,00;0,00;0,00;;Oui
2784;;dochita d wdo prince;qte;0,00;0,00;20,00;0,00;0,00;;Oui
2785;;robinet cocina klitop;qte;0,00;0,00;20,00;0,00;0,00;;Oui
2786;;puls 4mm turki;qte;0,00;0,00;20,00;0,00;0,00;;Oui
2787;;plus 2mm turki;qte;0,00;0,00;20,00;0,00;0,00;;Oui
2788;;tobo docha 2p;qte;0,00;0,00;20,00;0,00;0,00;;Oui
2789;;evier 78*43 chrome;qte;0,00;0,00;20,00;0,00;0,00;;Oui
2790;;evier doble 78*43 noir;qte;0,00;0,00;20,00;0,00;0,00;;Oui
2791;;cable 6 suple;qte;0,00;0,00;20,00;0,00;0,00;;Oui
2792;;ariston sakhan 100l plasma;qte;0,00;0,00;20,00;0,00;0,00;;Oui
2793;;bouton poussoir vert np2-ea31;qte;0,00;0,00;20,00;0,00;0,00;;Oui
2794;;bouton poussoir rouge np2-ea42;qte;0,00;0,00;20,00;0,00;0,00;;Oui
2795;;voyant vert nd16-22ds 24dc;qte;0,00;0,00;20,00;0,00;0,00;;Oui
2796;;voyant rouge nd16-22ds;qte;0,00;0,00;20,00;0,00;0,00;;Oui
2797;;embout iya-1,0mm jaune;qte;0,00;0,00;20,00;0,00;0,00;;Oui
2798;;embout iya-4,0mm gris;qte;0,00;0,00;20,00;0,00;0,00;;Oui
2799;;embout iya-6,0mm noir;qte;0,00;0,00;20,00;0,00;0,00;;Oui
2800;;embout iya-10mm beige;qte;0,00;0,00;20,00;0,00;0,00;;Oui
2801;;cosse a sertir diam 10 t8;qte;0,00;0,00;20,00;0,00;0,00;;Oui
2802;;cosse a sertir diam 16 t8;qte;0,00;0,00;20,00;0,00;0,00;;Oui
2803;;cosse a sertir diam 25 t8;qte;0,00;0,00;20,00;0,00;0,00;;Oui
2804;;cosse a sertir diam 35 t8;qte;0,00;0,00;20,00;0,00;0,00;;Oui
2805;;cosse fourchette 4-6 t6;qte;0,00;0,00;20,00;0,00;0,00;;Oui
2806;;fousible 1p 20A;qte;0,00;0,00;20,00;0,00;0,00;;Oui
2807;;boite 2 boutons np2-b213 m/a;qte;0,00;0,00;20,00;0,00;0,00;;Oui
2808;;embout iya-1,5mm rouge;qte;0,00;0,00;20,00;0,00;0,00;;Oui
2809;;mitigeur lavabo jory chrome 1402-15;qte;0,00;0,00;20,00;0,00;0,00;;Oui
2810;;mitigeur lavabo jory chrome 1402-12;qte;0,00;0,00;20,00;0,00;0,00;;Oui
2811;;mitigeur lavabo jory noir 1402-11;qte;0,00;0,00;20,00;0,00;0,00;;Oui
2812;;mitigeur lavabo jory noir 1402-9;qte;0,00;0,00;20,00;0,00;0,00;;Oui
2813;;mitigeur lavabo jory 1402-10;qte;0,00;0,00;20,00;0,00;0,00;;Oui
2814;;prise 2p marfil mill;qte;0,00;0,00;20,00;0,00;0,00;;Oui
2815;;lavabo yveline;qte;0,00;0,00;20,00;0,00;0,00;;Oui
2816;;bidet yveline;qte;0,00;0,00;20,00;0,00;0,00;;Oui
2817;;bedit tulipe;qte;0,00;0,00;20,00;0,00;0,00;;Oui
2818;;mraya led L711;qte;0,00;0,00;20,00;0,00;0,00;;Oui
2819;;mraya rf L713;qte;0,00;0,00;20,00;0,00;0,00;;Oui
2820;;mraya rf L723;qte;0,00;0,00;20,00;0,00;0,00;;Oui
2821;;mraya rf-L725;qte;0,00;0,00;20,00;0,00;0,00;;Oui
2822;;mraya rf -L722;qte;0,00;0,00;20,00;0,00;0,00;;Oui
2823;;mraya rf-L726;qte;0,00;0,00;20,00;0,00;0,00;;Oui
2824;;mraya rf-L727;qte;0,00;0,00;20,00;0,00;0,00;;Oui
2825;;mraya rf-L014;qte;0,00;0,00;20,00;0,00;0,00;;Oui
2826;;mraya rf-L028;qte;0,00;0,00;20,00;0,00;0,00;;Oui
2827;;vasque 092;qte;0,00;0,00;20,00;0,00;0,00;;Oui
2828;;vasque 094;qte;0,00;0,00;20,00;0,00;0,00;;Oui
2829;;vasque 045;qte;0,00;0,00;20,00;0,00;0,00;;Oui
2830;;vasque 068;qte;0,00;0,00;20,00;0,00;0,00;;Oui
2831;;vasque 022;qte;0,00;0,00;20,00;0,00;0,00;;Oui
2832;;spota jeunne+blanc topled;qte;0,00;0,00;20,00;0,00;0,00;;Oui
2833;;spota blanc+blue topled;qte;0,00;0,00;20,00;0,00;0,00;;Oui
2834;;spota blanc+jeunne topled;qte;0,00;0,00;20,00;0,00;0,00;;Oui
2835;;spota sfar +blanc topled;qte;0,00;0,00;20,00;0,00;0,00;;Oui
2836;;spota sfar +blue topled;qte;0,00;0,00;20,00;0,00;0,00;;Oui
2837;;spota asfar +blue topled;qte;0,00;0,00;20,00;0,00;0,00;;Oui
2838;;spota abyad +sfar topled;qte;0,00;0,00;20,00;0,00;0,00;;Oui
2839;;spota byat +rgb topled;qte;0,00;0,00;20,00;0,00;0,00;;Oui
2840;;spota wwh +blue topleddd;qte;0,00;0,00;20,00;0,00;0,00;;Oui
2841;;spota wh +blue topled;qte;0,00;0,00;20,00;0,00;0,00;;Oui
2842;;spota sfar +rgb topled;qte;0,00;0,00;20,00;0,00;0,00;;Oui
2843;;spota wwh+rgb topledd;qte;0,00;0,00;20,00;0,00;0,00;;Oui
2844;;sakhan electrique 50l;qte;0,00;0,00;20,00;0,00;0,00;;Oui
2845;;barra rail blanc 2mt;qte;0,00;0,00;20,00;0,00;0,00;;Oui
2846;;barra rail blanc 1mt;qte;0,00;0,00;20,00;0,00;0,00;;Oui
2847;;bola projecteur  anaco;qte;0,00;0,00;20,00;0,00;0,00;;Oui
2848;;bola projecteur rome;qte;0,00;0,00;20,00;0,00;0,00;;Oui
2849;;bola projecteur valera;qte;0,00;0,00;20,00;0,00;0,00;;Oui
2850;;bola projecteur blanc;qte;0,00;0,00;20,00;0,00;0,00;;Oui
2851;;bola led 6wt e14;qte;0,00;0,00;20,00;0,00;0,00;;Oui
2852;;bola led 6wt e27 ferri;qte;0,00;0,00;20,00;0,00;0,00;;Oui
2853;;panel apparent 60*60  48wt ferri;qte;0,00;0,00;20,00;0,00;0,00;;Oui
2854;;panel led encastre 60*60 marko;qte;0,00;0,00;20,00;0,00;0,00;;Oui
2855;;panel led encastre 48wt vlight;qte;0,00;0,00;20,00;0,00;0,00;;Oui
2856;;bola 50wt bilux version2;qte;0,00;0,00;20,00;0,00;0,00;;Oui
2857;;transfort 18wt;qte;0,00;0,00;20,00;0,00;0,00;;Oui
2858;;panel encastre noir 24wt;qte;0,00;0,00;20,00;0,00;0,00;;Oui
2859;;panel apparent noir 6wt;qte;0,00;0,00;20,00;0,00;0,00;;Oui
2860;;panel led 24wt encastre carre;qte;0,00;0,00;20,00;0,00;0,00;;Oui
2861;;projecteur led 100wt;qte;0,00;0,00;20,00;0,00;0,00;;Oui
2862;;projecteur led 150wt;qte;0,00;0,00;20,00;0,00;0,00;;Oui
2863;;spota top led cristal  version2;qte;0,00;0,00;20,00;0,00;0,00;;Oui
2864;;spota top led cristal version3;qte;0,00;0,00;20,00;0,00;0,00;;Oui
2865;;bola charge;qte;0,00;0,00;20,00;0,00;0,00;;Oui
2866;;bola e27 5wt;qte;0,00;0,00;20,00;0,00;0,00;;Oui
2867;;salto 25 dizayn;qte;0,00;0,00;20,00;0,00;0,00;;Oui
2868;;salto 20 dizayn;qte;0,00;0,00;20,00;0,00;0,00;;Oui
2869;;kilot 40 ferro;qte;0,00;0,00;20,00;0,00;0,00;;Oui
2870;;code 25 1/8 dizayn;qte;0,00;0,00;20,00;0,00;0,00;;Oui
2871;;code 20 1/8 dizayn;qte;0,00;0,00;20,00;0,00;0,00;;Oui
2872;;tee 40;qte;0,00;0,00;20,00;0,00;0,00;;Oui
2873;;3adla tasa;qte;0,00;0,00;20,00;0,00;0,00;;Oui
2874;;nettoyant lossa handiron;qte;0,00;0,00;20,00;0,00;0,00;;Oui
2875;;lavabo mdahab 78*43 toper;qte;0,00;0,00;20,00;0,00;0,00;;Oui
2876;;code 32/1 f pulitine;qte;0,00;0,00;20,00;0,00;0,00;;Oui
2877;;racor 32/1 male pulitine;qte;0,00;0,00;20,00;0,00;0,00;;Oui
2878;;tee 20 ppr dizayn;qte;0,00;0,00;20,00;0,00;0,00;;Oui
2879;;mecanisme oli;qte;0,00;0,00;20,00;0,00;0,00;;Oui
2880;;tee 20/1/2 f dizayn;qte;0,00;0,00;20,00;0,00;0,00;;Oui
2881;;racor 20/1/2 male dizayn;qte;0,00;0,00;20,00;0,00;0,00;;Oui
2882;;mancho 25 dizayn;qte;0,00;0,00;20,00;0,00;0,00;;Oui
2883;;tmas 1/2 ppr male;qte;0,00;0,00;20,00;0,00;0,00;;Oui
2884;;tee 25/3/4 ppr dizayn;qte;0,00;0,00;20,00;0,00;0,00;;Oui
2885;;tee 25/1/2 ppr dizayn;qte;0,00;0,00;20,00;0,00;0,00;;Oui
2886;;rediction 110/75 pvc version2;qte;0,00;0,00;20,00;0,00;0,00;;Oui
2887;;rediction 110/40 pvc version3;qte;0,00;0,00;20,00;0,00;0,00;;Oui
2888;;rediction 110/40/40/40 pvc;qte;0,00;0,00;20,00;0,00;0,00;;Oui
2889;;racor 25/3/4 f ppr dizayn;qte;0,00;0,00;20,00;0,00;0,00;;Oui
2890;;racor 20/1/2 f ppr dizayn;qte;0,00;0,00;20,00;0,00;0,00;;Oui
2891;;tee 25 ppr dizayn;qte;0,00;0,00;20,00;0,00;0,00;;Oui
2892;;tee 20/1/2 f pulitine;qte;0,00;0,00;20,00;0,00;0,00;;Oui
2893;;racor 25/3/4 male pulitine version1;qte;0,00;0,00;20,00;0,00;0,00;;Oui
2894;;tee 25/3/4 pulitine;qte;0,00;0,00;20,00;0,00;0,00;;Oui
2895;;tee 25 pulitine version2;qte;0,00;0,00;20,00;0,00;0,00;;Oui
2896;;code 40 pvc 1/8;qte;0,00;0,00;20,00;0,00;0,00;;Oui
2897;;racor 25/3/4 male pulitine version2;qte;0,00;0,00;20,00;0,00;0,00;;Oui
2898;;mancho 25/20 male dizayn;qte;0,00;0,00;20,00;0,00;0,00;;Oui
2899;;code male 25/3/4 ppr dizayn;qte;0,00;0,00;20,00;0,00;0,00;;Oui
2900;;code male 20/1/2 ppr dizayn;qte;0,00;0,00;20,00;0,00;0,00;;Oui
2901;;griga doble 75 pvc abp;qte;0,00;0,00;20,00;0,00;0,00;;Oui
2902;;griga doble 110 pvc sanimax;qte;0,00;0,00;20,00;0,00;0,00;;Oui
2903;;code 75 1/8 pvc ferro;qte;0,00;0,00;20,00;0,00;0,00;;Oui
2904;;code 75 1/4 pvc ferro;qte;0,00;0,00;20,00;0,00;0,00;;Oui
2905;;code 50 1/4 pvc ferro;qte;0,00;0,00;20,00;0,00;0,00;;Oui
2906;;cofree 40*30 armoire poly;qte;0,00;0,00;20,00;0,00;0,00;;Oui
2907;;cofree boit distrubution;qte;0,00;0,00;20,00;0,00;0,00;;Oui
2908;;brasadira 20 vert ppr;qte;0,00;0,00;20,00;0,00;0,00;;Oui
2909;;brasadira 25 vert ppr;qte;0,00;0,00;20,00;0,00;0,00;;Oui
2910;;tee 1/2/20 male ppr dizayn;qte;0,00;0,00;20,00;0,00;0,00;;Oui
2911;;code 25/3/4 f ppr dizayn;qte;0,00;0,00;20,00;0,00;0,00;;Oui
2912;;code 25 f ppr dizayn;qte;0,00;0,00;20,00;0,00;0,00;;Oui
2913;;rediction botiya 40/50 pvc;qte;0,00;0,00;20,00;0,00;0,00;;Oui
2914;;macho 32 pulitine;qte;0,00;0,00;20,00;0,00;0,00;;Oui
2915;;tee 20 pulitine;qte;0,00;0,00;20,00;0,00;0,00;;Oui
2916;;code 25 politine;qte;0,00;0,00;20,00;0,00;0,00;;Oui
2917;;sifon 20 blue sani;qte;0,00;0,00;20,00;0,00;0,00;;Oui
2918;;code 25/3/4 ppr male pulitine;qte;0,00;0,00;20,00;0,00;0,00;;Oui
2919;;code 20/1/2 ppr male pulitine;qte;0,00;0,00;20,00;0,00;0,00;;Oui
2920;;code 25/3/4  ppr vert male pulitine;qte;0,00;0,00;20,00;0,00;0,00;;Oui
2921;;racor 1/2/20 ppr vert f pulitine;qte;0,00;0,00;20,00;0,00;0,00;;Oui
2922;;mftah +prise tichka;qte;0,00;0,00;20,00;0,00;0,00;;Oui
2923;;mftah 3adi tichka;qte;0,00;0,00;20,00;0,00;0,00;;Oui
2924;;doble mftah tichka;qte;0,00;0,00;20,00;0,00;0,00;;Oui
2925;;mftah d,v,v 3adi tichka;qte;0,00;0,00;20,00;0,00;0,00;;Oui
2926;;mftah v,v 3adi tichka;qte;0,00;0,00;20,00;0,00;0,00;;Oui
2927;;tee 110;qte;0,00;0,00;20,00;0,00;0,00;;Oui
2928;;code mftoh 110;qte;0,00;0,00;20,00;0,00;0,00;;Oui
2929;;tee 75;qte;0,00;0,00;20,00;0,00;0,00;;Oui
2930;;code 32 rochka male pulitine;qte;0,00;0,00;20,00;0,00;0,00;;Oui
2931;;code 32 pulitine version2;qte;0,00;0,00;20,00;0,00;0,00;;Oui
2932;;tee 32 pulitine;qte;0,00;0,00;20,00;0,00;0,00;;Oui
2933;;tee 32 rochka pulitine;qte;0,00;0,00;20,00;0,00;0,00;;Oui
2934;;racor 32 rochka f pulitine;qte;0,00;0,00;20,00;0,00;0,00;;Oui
2935;;paso 1/2 nhas f/f;qte;0,00;0,00;20,00;0,00;0,00;;Oui
2936;;salto 18 nhas;qte;0,00;0,00;20,00;0,00;0,00;;Oui
2937;;racor 15/1/2 nhas f;qte;0,00;0,00;20,00;0,00;0,00;;Oui
2938;;racor 15/1/2 nhas m;qte;0,00;0,00;20,00;0,00;0,00;;Oui
2939;;racor 18/1/2 nhas f;qte;0,00;0,00;20,00;0,00;0,00;;Oui
2940;;zyada 1/2 f3/8m;qte;0,00;0,00;20,00;0,00;0,00;;Oui
2941;;racor 18/1/2 m nhas;qte;0,00;0,00;20,00;0,00;0,00;;Oui
2942;;tee 1/2/15 nhas version2;qte;0,00;0,00;20,00;0,00;0,00;;Oui
2943;;mamlon 1/2/3/8 version2;qte;0,00;0,00;20,00;0,00;0,00;;Oui
2944;;tee 1/2/18 nhas;qte;0,00;0,00;20,00;0,00;0,00;;Oui
2945;;prise+t app ingelec;qte;0,00;0,00;20,00;0,00;0,00;;Oui
2946;;prise 3adi app ingelec;qte;0,00;0,00;20,00;0,00;0,00;;Oui
2947;;port cartouch;qte;0,00;0,00;20,00;0,00;0,00;;Oui
2948;;sifon 40 blue sani;qte;0,00;0,00;20,00;0,00;0,00;;Oui
2949;;fiche dkar noir petit;qte;0,00;0,00;20,00;0,00;0,00;;Oui
2950;;fiche dkar blanc petit;qte;0,00;0,00;20,00;0,00;0,00;;Oui
2951;;boit lemparme 8*8;qte;0,00;0,00;20,00;0,00;0,00;;Oui
2952;;boit lemparme 15*20;qte;0,00;0,00;20,00;0,00;0,00;;Oui
2953;;sifon 30 blue sani;qte;0,00;0,00;20,00;0,00;0,00;;Oui
2954;;mangira tasa code;qte;0,00;0,00;20,00;0,00;0,00;;Oui
2955;;ras grifo 1/2unicap;qte;0,00;0,00;20,00;0,00;0,00;;Oui
2956;;taladra ingco 680wt;qte;0,00;0,00;20,00;0,00;0,00;;Oui
2957;;taladra ingco 1100wt;qte;0,00;0,00;20,00;0,00;0,00;;Oui
2958;;disco 750wt petit;qte;0,00;0,00;20,00;0,00;0,00;;Oui
2959;;machota 1kg ingco;qte;0,00;0,00;20,00;0,00;0,00;;Oui
2960;;la9at pince daw;qte;0,00;0,00;20,00;0,00;0,00;;Oui
2961;;machota mterka losa;qte;0,00;0,00;20,00;0,00;0,00;;Oui
2962;;la9at pince copo daw;qte;0,00;0,00;20,00;0,00;0,00;;Oui
2963;;la9at code daw;qte;0,00;0,00;20,00;0,00;0,00;;Oui
2964;;tornovis plano 10cm;qte;0,00;0,00;20,00;0,00;0,00;;Oui
2965;;tornovis plano 12,5cm;qte;0,00;0,00;20,00;0,00;0,00;;Oui
2966;;tornovis plano 150cm;qte;0,00;0,00;20,00;0,00;0,00;;Oui
2967;;tornovis merican 10cm;qte;0,00;0,00;20,00;0,00;0,00;;Oui
2968;;tornovis merican 12,5cm;qte;0,00;0,00;20,00;0,00;0,00;;Oui
2969;;tornovis merican 15cm;qte;0,00;0,00;20,00;0,00;0,00;;Oui
2970;;lama complet ingco;qte;0,00;0,00;20,00;0,00;0,00;;Oui
2971;;lama complet ingco yed sfar;qte;0,00;0,00;20,00;0,00;0,00;;Oui
2972;;spatola 8cm ingco;qte;0,00;0,00;20,00;0,00;0,00;;Oui
2973;;spatola 10cm ingco;qte;0,00;0,00;20,00;0,00;0,00;;Oui
2974;;mizan dlma 60cm ingco;qte;0,00;0,00;20,00;0,00;0,00;;Oui
2975;;mizan dlma 1mt ingco;qte;0,00;0,00;20,00;0,00;0,00;;Oui
2976;;mizan dlma 1,20mt ingco;qte;0,00;0,00;20,00;0,00;0,00;;Oui
2977;;metro lazer 60mt ingco;qte;0,00;0,00;20,00;0,00;0,00;;Oui
2978;;metrex 30mt ingco;qte;0,00;0,00;20,00;0,00;0,00;;Oui
2979;;lesa9 daw 9mt pvc ingco;qte;0,00;0,00;20,00;0,00;0,00;;Oui
2980;;semta security ingco;qte;0,00;0,00;20,00;0,00;0,00;;Oui
2981;;boit alimontation;qte;0,00;0,00;20,00;0,00;0,00;;Oui
2982;;bola charge 20wt;qte;0,00;0,00;20,00;0,00;0,00;;Oui
2983;;mizan dlma lazer 150mt;qte;0,00;0,00;20,00;0,00;0,00;;Oui
2984;;docheta noir mcpool;qte;0,00;0,00;20,00;0,00;0,00;;Oui
2985;;robinet ikeer carmant 1/2/1/2;qte;0,00;0,00;20,00;0,00;0,00;;Oui
2986;;robinet rosor chrome;qte;0,00;0,00;20,00;0,00;0,00;;Oui
2987;;bola mr16 3000k;qte;0,00;0,00;20,00;0,00;0,00;;Oui
2988;;mdahab dlma colorex;qte;0,00;0,00;20,00;0,00;0,00;;Oui
2989;;plastique colomax 30kg;qte;0,00;0,00;20,00;0,00;0,00;;Oui
2990;;plastique anfa 30kg;qte;0,00;0,00;20,00;0,00;0,00;;Oui
2991;;vis tasa;qte;0,00;0,00;20,00;0,00;0,00;;Oui
2992;;tasa venis noir;qte;0,00;0,00;20,00;0,00;0,00;;Oui
2993;;bedit venis noir;qte;0,00;0,00;20,00;0,00;0,00;;Oui
2994;;mecanisme noir;qte;0,00;0,00;20,00;0,00;0,00;;Oui
2995;;mecanisme chrome;qte;0,00;0,00;20,00;0,00;0,00;;Oui
2996;;cadre 1 cappuccino mill;qte;0,00;0,00;20,00;0,00;0,00;;Oui
2997;;cadre 2 cappuccino mill;qte;0,00;0,00;20,00;0,00;0,00;;Oui
2998;;cadre 3 cappuccino mill;qte;0,00;0,00;20,00;0,00;0,00;;Oui
2999;;cadre 4 cappuccino mill;qte;0,00;0,00;20,00;0,00;0,00;;Oui
3000;;gancho torsadi twirka;qte;0,00;0,00;20,00;0,00;0,00;;Oui
3001;;gancho torsadi hayt;qte;0,00;0,00;20,00;0,00;0,00;;Oui
3002;;sifon benoir jimtem;qte;0,00;0,00;20,00;0,00;0,00;;Oui
3003;;tobo mdwar daw kbir;qte;0,00;0,00;20,00;0,00;0,00;;Oui
3004;;tobo daw docha ingelec;qte;0,00;0,00;20,00;0,00;0,00;;Oui
3005;;lengasa daw;qte;0,00;0,00;20,00;0,00;0,00;;Oui
3006;;tobo daw docha 1810wt;qte;0,00;0,00;20,00;0,00;0,00;;Oui
3007;;lakat ppr rouge;qte;0,00;0,00;20,00;0,00;0,00;;Oui
3008;;boit clima;qte;0,00;0,00;20,00;0,00;0,00;;Oui
3009;;cellqua blanc 30kg;qte;0,00;0,00;20,00;0,00;0,00;;Oui
3010;;lechada beige 5kg;qte;0,00;0,00;20,00;0,00;0,00;;Oui
3011;;colonne de douche noir 88;qte;0,00;0,00;20,00;0,00;0,00;;Oui
3012;;extracteur floride blanc ferri;qte;0,00;0,00;20,00;0,00;0,00;;Oui
3013;;meuble milan 60*36 beige;qte;0,00;0,00;20,00;0,00;0,00;;Oui
3014;;colonne de douche doree 62;qte;0,00;0,00;20,00;0,00;0,00;;Oui
3015;;colonne de douche sn 62;qte;0,00;0,00;20,00;0,00;0,00;;Oui
3016;;colonne de douche noir 62;qte;0,00;0,00;20,00;0,00;0,00;;Oui
3017;;mitigeur cocina surtable noir palaman;qte;0,00;0,00;20,00;0,00;0,00;;Oui
3018;;zeft 4mm hrech polister;qte;0,00;0,00;20,00;0,00;0,00;;Oui
3019;;mftah doble jade marron;qte;0,00;0,00;20,00;0,00;0,00;;Oui
3020;;laki 1/2 rouge;qte;0,00;0,00;20,00;0,00;0,00;;Oui
3021;;laki 1/2 gris;qte;0,00;0,00;20,00;0,00;0,00;;Oui
3022;;interphone city 3p fermax;qte;0,00;0,00;20,00;0,00;0,00;;Oui
3023;;dochita apparant bared skhoun clemed noir;qte;0,00;0,00;20,00;0,00;0,00;;Oui
3024;;mini vanne 1/2 clemed;qte;0,00;0,00;20,00;0,00;0,00;;Oui
3025;;cable 2*2,5 nexans / ingelec;qte;0,00;0,00;20,00;0,00;0,00;;Oui
3026;;meuble pvc 60cm eva blanc;qte;0,00;0,00;20,00;0,00;0,00;;Oui
3027;;boite encastre carre ingelec;qte;0,00;0,00;20,00;0,00;0,00;;Oui
3028;;tasa arabia jacob blanc;qte;0,00;0,00;20,00;0,00;0,00;;Oui
3029;;cola 500gr quelosa;qte;0,00;0,00;20,00;0,00;0,00;;Oui
3030;;flambo 5l pigamento;qte;0,00;0,00;20,00;0,00;0,00;;Oui
3031;;panel app 3d 18wt;qte;0,00;0,00;20,00;0,00;0,00;;Oui
3032;;dejancteur 63a ingelec;qte;0,00;0,00;20,00;0,00;0,00;;Oui
3033;;cable tv ingelec;qte;0,00;0,00;20,00;0,00;0,00;;Oui
3034;;projecteur 50wt ferri;qte;0,00;0,00;20,00;0,00;0,00;;Oui
3035;;cable 4*1,5 ingelec;qte;0,00;0,00;20,00;0,00;0,00;;Oui
3036;;cable  5*2,5 ingelec;qte;0,00;0,00;20,00;0,00;0,00;;Oui
3037;;cable 4*2,5 ingelec;qte;0,00;0,00;20,00;0,00;0,00;;Oui
3038;;cable 2*1 ingelec;qte;0,00;0,00;20,00;0,00;0,00;;Oui
3039;;cable 2*75 ingelec;qte;0,00;0,00;20,00;0,00;0,00;;Oui
3040;;cable telefon 2p gris ferri;qte;0,00;0,00;20,00;0,00;0,00;;Oui
3041;;heblo led didecteur 20wt ferri;qte;0,00;0,00;20,00;0,00;0,00;;Oui
3042;;cadre 2p jad marfil;qte;0,00;0,00;20,00;0,00;0,00;;Oui
3043;;mftah prise jade marfil;qte;0,00;0,00;20,00;0,00;0,00;;Oui
3044;;multi prise  ingelec;qte;0,00;0,00;20,00;0,00;0,00;;Oui
3045;;bola spota gu10 marko daw blanc;qte;0,00;0,00;20,00;0,00;0,00;;Oui
3046;;zeft 2mm;qte;0,00;0,00;20,00;0,00;0,00;;Oui
3047;;zeft 3mm;qte;0,00;0,00;20,00;0,00;0,00;;Oui
3048;;grjouta 11 premier;qte;0,00;0,00;20,00;0,00;0,00;;Oui
3049;;grjouta 9 gris;qte;0,00;0,00;20,00;0,00;0,00;;Oui
3050;;rj 45 blanc jad;qte;0,00;0,00;20,00;0,00;0,00;;Oui
3051;;sonet ingelec;qte;0,00;0,00;20,00;0,00;0,00;;Oui
3052;;zeft 4mm mremel polister;qte;0,00;0,00;20,00;0,00;0,00;;Oui
3053;;zeft 4mm liso polister;qte;0,00;0,00;20,00;0,00;0,00;;Oui
3054;;prise mll marron;qte;0,00;0,00;20,00;0,00;0,00;;Oui
3055;;tee 160 pvc;qte;0,00;0,00;20,00;0,00;0,00;;Oui
3056;;reglette led 36wt depolie 6500k;qte;0,00;0,00;20,00;0,00;0,00;;Oui
3057;;bola 9wt vlight;qte;0,00;0,00;20,00;0,00;0,00;;Oui
3058;;panel led 24wt encastre mdwar blanc;qte;0,00;0,00;20,00;0,00;0,00;;Oui
3059;;paso ppr 20 1ere bleu;qte;0,00;0,00;20,00;0,00;0,00;;Oui
3060;;poussoire noir sanitary;qte;0,00;0,00;20,00;0,00;0,00;;Oui
3061;;cache cable 40*20 turky;qte;0,00;0,00;20,00;0,00;0,00;;Oui
3062;;panel led mdwar 20wt 3000k;qte;0,00;0,00;20,00;0,00;0,00;;Oui
3063;;3awd chetaba;qte;0,00;0,00;20,00;0,00;0,00;;Oui
3064;;telecomande 4p;qte;0,00;0,00;20,00;0,00;0,00;;Oui
3065;;scotch embalage;qte;0,00;0,00;20,00;0,00;0,00;;Oui
3066;;rediction 100/40;qte;0,00;0,00;20,00;0,00;0,00;;Oui
3067;;lavabo carre cera stil;qte;0,00;0,00;20,00;0,00;0,00;;Oui
3068;;disc boshe hdid petit;qte;0,00;0,00;20,00;0,00;0,00;;Oui
3069;;cable tv tesla;qte;0,00;0,00;20,00;0,00;0,00;;Oui
3070;;losa dicor 515 derssa;qte;0,00;0,00;20,00;0,00;0,00;;Oui
3071;;losa 515 25*50 derssa;qte;0,00;0,00;20,00;0,00;0,00;;Oui
3072;;losa 45*45;qte;0,00;0,00;20,00;0,00;0,00;;Oui
3073;;jeugo alum;qte;0,00;0,00;20,00;0,00;0,00;;Oui
3074;;disc petit macute;qte;0,00;0,00;20,00;0,00;0,00;;Oui
3075;;disc grand macute;qte;0,00;0,00;20,00;0,00;0,00;;Oui
3076;;makina takte3 zelije pucello;qte;0,00;0,00;20,00;0,00;0,00;;Oui
3077;;hotte electrique coulissante encastrable noir 60 cm(f702);qte;0,00;0,00;20,00;0,00;0,00;;Oui
3078;;hotte electrique coulissante encastrable noir 60 cm(f704);qte;0,00;0,00;20,00;0,00;0,00;;Oui
3079;;table a cuisson 4 feux encastrable noir 60cm(f401-n-4);qte;0,00;0,00;20,00;0,00;0,00;;Oui
3080;;lampe flourecente t8 18w 0,60 blanche ingelec;qte;0,00;0,00;20,00;0,00;0,00;;Oui
3081;;applique wendy doree 500*210 mm gu10*2;qte;0,00;0,00;20,00;0,00;0,00;;Oui
3082;;susponsion castilla doree 1200*450mm e27*6;qte;0,00;0,00;20,00;0,00;0,00;;Oui
3083;;susponsion led kaya noire 830*300mm 41w*3;qte;0,00;0,00;20,00;0,00;0,00;;Oui
3084;;sakhan ariston 100l;qte;0,00;0,00;20,00;0,00;0,00;;Oui
3085;;fayrouz 100 20kg;qte;0,00;0,00;20,00;0,00;0,00;;Oui
3086;;plato docha 70*70 jacob;qte;0,00;0,00;20,00;0,00;0,00;;Oui
3087;;dochita noir mdfouna;qte;0,00;0,00;20,00;0,00;0,00;;Oui
3088;;pompa eau 0,5hp/370w al 50 ferri;qte;0,00;0,00;20,00;0,00;0,00;;Oui
3089;;pompa eau 0,75hp/550wt al 75 ferri;qte;0,00;0,00;20,00;0,00;0,00;;Oui
3090;;pompa vide cave avec flotteur 1hp/750wt ferri;qte;0,00;0,00;20,00;0,00;0,00;;Oui
3091;;pompe vide cave avec floutteur 1,5hp/1100wt ferri;qte;0,00;0,00;20,00;0,00;0,00;;Oui
3092;;metijeur rosol Chrome;qte;0,00;0,00;20,00;0,00;0,00;;Oui
3093;;mitijeur rosol noir;qte;0,00;0,00;20,00;0,00;0,00;;Oui
3094;;ferfara 30*30 48wt;qte;0,00;0,00;20,00;0,00;0,00;;Oui
3095;;ferfara 40*40 140wt;qte;0,00;0,00;20,00;0,00;0,00;;Oui
3096;;ferfara 25*25 38wt;qte;0,00;0,00;20,00;0,00;0,00;;Oui
3097;;bola 4wt led e14 daw sfar;qte;0,00;0,00;20,00;0,00;0,00;;Oui
3098;;prise wifi 16a ferri;qte;0,00;0,00;20,00;0,00;0,00;;Oui
3099;;piki la terre 1m cuivre;qte;0,00;0,00;20,00;0,00;0,00;;Oui
3100;;tee 32;qte;0,00;0,00;20,00;0,00;0,00;;Oui
3101;;sifon 10*10 vsa;qte;0,00;0,00;20,00;0,00;0,00;;Oui
3102;;sifon 10*10 nicol version2;qte;0,00;0,00;20,00;0,00;0,00;;Oui
3103;;cola grifon pvc;qte;0,00;0,00;20,00;0,00;0,00;;Oui
3104;;mueble 40*20cm chrome;qte;0,00;0,00;20,00;0,00;0,00;;Oui
3105;;tapa poro 1kg;qte;0,00;0,00;20,00;0,00;0,00;;Oui
3106;;sifon 1m necol;qte;0,00;0,00;20,00;0,00;0,00;;Oui
3107;;robinet docha noir;qte;0,00;0,00;20,00;0,00;0,00;;Oui
3108;;robinet lavabo noir version2;qte;0,00;0,00;20,00;0,00;0,00;;Oui
3109;;ferfara 65wt;qte;0,00;0,00;20,00;0,00;0,00;;Oui
3110;;ferfara 55wt;qte;0,00;0,00;20,00;0,00;0,00;;Oui
3111;;groupe junker;qte;0,00;0,00;20,00;0,00;0,00;;Oui
3112;;karea chalimo nhas;qte;0,00;0,00;20,00;0,00;0,00;;Oui
3113;;mamilon 1/2 chrome;qte;0,00;0,00;20,00;0,00;0,00;;Oui
3114;;code 1/2 chrome;qte;0,00;0,00;20,00;0,00;0,00;;Oui
3115;;cola pvc 1/2kg;qte;0,00;0,00;20,00;0,00;0,00;;Oui
3116;;cola 1kg pvc;qte;0,00;0,00;20,00;0,00;0,00;;Oui
3117;;ras bola b randila e-14;qte;0,00;0,00;20,00;0,00;0,00;;Oui
3118;;rogar 40*40;qte;0,00;0,00;20,00;0,00;0,00;;Oui
3119;;applique noir;qte;0,00;0,00;20,00;0,00;0,00;;Oui
3120;;reglette led 50wt cristal;qte;0,00;0,00;20,00;0,00;0,00;;Oui
3121;;bloc secour led alaska 3wt;qte;0,00;0,00;20,00;0,00;0,00;;Oui
3122;;bloc secour led vegas 3wt;qte;0,00;0,00;20,00;0,00;0,00;;Oui
3123;;bloc secour led star;qte;0,00;0,00;20,00;0,00;0,00;;Oui
3124;;extracteur ex-s6 ferri;qte;0,00;0,00;20,00;0,00;0,00;;Oui
3125;;panel led rond 6wt blanc;qte;0,00;0,00;20,00;0,00;0,00;;Oui
3126;;bola led gu10 5wt rgb ferri avec telecommande;qte;0,00;0,00;20,00;0,00;0,00;;Oui
3127;;sifon 10*10 code relax;qte;0,00;0,00;20,00;0,00;0,00;;Oui
3128;;robinet bedit prive;qte;0,00;0,00;20,00;0,00;0,00;;Oui
3129;;robinet chrome msa;qte;0,00;0,00;20,00;0,00;0,00;;Oui
3130;;robinet sfar msa;qte;0,00;0,00;20,00;0,00;0,00;;Oui
3131;;robinet cocina sanilean;qte;0,00;0,00;20,00;0,00;0,00;;Oui
3132;;robinet tabla sanilean;qte;0,00;0,00;20,00;0,00;0,00;;Oui
3133;;losa 45*45 val ceram/super ceram;qte;0,00;0,00;20,00;0,00;0,00;;Oui
3134;;boit memoza;qte;0,00;0,00;20,00;0,00;0,00;;Oui
3135;;telepteur 1pole njmc1 16a;qte;0,00;0,00;20,00;0,00;0,00;;Oui
3136;;horloge nkg3 16on 16off ac220v;qte;0,00;0,00;20,00;0,00;0,00;;Oui
3137;;voyant bleu nd16-22ds;qte;0,00;0,00;20,00;0,00;0,00;;Oui
3138;;voyant jaune nd16-22ds;qte;0,00;0,00;20,00;0,00;0,00;;Oui
3139;;boite bouton arret urg;qte;0,00;0,00;20,00;0,00;0,00;;Oui
3140;;boite 1 bouton vide np2-b01;qte;0,00;0,00;20,00;0,00;0,00;;Oui
3141;;boite 2 boutons vide np2-b02;qte;0,00;0,00;20,00;0,00;0,00;;Oui
3142;;heblo lap petit e27;qte;0,00;0,00;20,00;0,00;0,00;;Oui
3143;;heblo lap moyen e27;qte;0,00;0,00;20,00;0,00;0,00;;Oui
3144;;heblo lap grand e27;qte;0,00;0,00;20,00;0,00;0,00;;Oui
3145;;heblo rond cristal e27;qte;0,00;0,00;20,00;0,00;0,00;;Oui
3146;;tobo daw talji 1,20mt;qte;0,00;0,00;20,00;0,00;0,00;;Oui
3147;;robinet lavabo basco;qte;0,00;0,00;20,00;0,00;0,00;;Oui
3148;;robinet binoir basco;qte;0,00;0,00;20,00;0,00;0,00;;Oui
3149;;robinet bedit galaxy;qte;0,00;0,00;20,00;0,00;0,00;;Oui
3150;;flexible doucha 1,5m;qte;0,00;0,00;20,00;0,00;0,00;;Oui
3151;;mecanisme poussoir cable double floteur;qte;0,00;0,00;20,00;0,00;0,00;;Oui
3152;;robinet evier mural galaxy;qte;0,00;0,00;20,00;0,00;0,00;;Oui
3153;;robinet lavabo galaxy version2;qte;0,00;0,00;20,00;0,00;0,00;;Oui
3154;;paso malver 1/2/3/4;qte;0,00;0,00;20,00;0,00;0,00;;Oui
3155;;paso momtaz 1/2/3/8;qte;0,00;0,00;20,00;0,00;0,00;;Oui
3156;;scotch cha9;qte;0,00;0,00;20,00;0,00;0,00;;Oui
3157;;spot 3p led max;qte;0,00;0,00;20,00;0,00;0,00;;Oui
3158;;spot 2p blanc;qte;0,00;0,00;20,00;0,00;0,00;;Oui
3159;;spot 2p noir;qte;0,00;0,00;20,00;0,00;0,00;;Oui
3160;;sonet 3osfor;qte;0,00;0,00;20,00;0,00;0,00;;Oui
3161;;laki 1kg blanc jafep marilac;qte;0,00;0,00;20,00;0,00;0,00;;Oui
3162;;laki 1kg blanc jafep;qte;0,00;0,00;20,00;0,00;0,00;;Oui
3163;;laki 1kg noir jefep;qte;0,00;0,00;20,00;0,00;0,00;;Oui
3164;;laki 1kg marron fonce jafep;qte;0,00;0,00;20,00;0,00;0,00;;Oui
3165;;laki 1kg bleu jafep;qte;0,00;0,00;20,00;0,00;0,00;;Oui
3166;;laki 1kg vert jafep;qte;0,00;0,00;20,00;0,00;0,00;;Oui
3167;;laki 1kg jaune foce jafep;qte;0,00;0,00;20,00;0,00;0,00;;Oui
3168;;laki 1kg rouge 1kg jafep;qte;0,00;0,00;20,00;0,00;0,00;;Oui
3169;;laki 1/2kg blanc jafep;qte;0,00;0,00;20,00;0,00;0,00;;Oui
3170;;laki 1/2kg marron fonce jafep;qte;0,00;0,00;20,00;0,00;0,00;;Oui
3171;;laki 1/2kg gris claire jafep;qte;0,00;0,00;20,00;0,00;0,00;;Oui
3172;;siraje special 800g;qte;0,00;0,00;20,00;0,00;0,00;;Oui
3173;;plastique 5kg facop;qte;0,00;0,00;20,00;0,00;0,00;;Oui
3174;;plastique euro vinil 30kg facop;qte;0,00;0,00;20,00;0,00;0,00;;Oui
3175;;plastique batilux 30kg facop;qte;0,00;0,00;20,00;0,00;0,00;;Oui
3176;;plastique malih 5kg facop;qte;0,00;0,00;20,00;0,00;0,00;;Oui
3177;;projecteur public oslo 100wt 6500k;qte;0,00;0,00;20,00;0,00;0,00;;Oui
3178;;projecteur public oslo 300wt 6500k;qte;0,00;0,00;20,00;0,00;0,00;;Oui
3179;;projecteur public virginie 100wt 6500k;qte;0,00;0,00;20,00;0,00;0,00;;Oui
3180;;projecteur publi virgine 200wt 6500k;qte;0,00;0,00;20,00;0,00;0,00;;Oui
3181;;projecteur public virgine 300wt 6500k;qte;0,00;0,00;20,00;0,00;0,00;;Oui
3182;;projecteur public virgine 400wt 6500k;qte;0,00;0,00;20,00;0,00;0,00;;Oui
3183;;applique murale noir+lampe 9wt 6500k/8000k;qte;0,00;0,00;20,00;0,00;0,00;;Oui
3184;;applique murale gris+lampe 9wt 6500k;qte;0,00;0,00;20,00;0,00;0,00;;Oui
3185;;applique murale blanche + lampe 9wt 6500k;qte;0,00;0,00;20,00;0,00;0,00;;Oui
3186;;projcteur public oslo 200wt 6500k;qte;0,00;0,00;20,00;0,00;0,00;;Oui
3187;;termosta sakhan;qte;0,00;0,00;20,00;0,00;0,00;;Oui
3188;;robinet malver cusina hayt bard;qte;0,00;0,00;20,00;0,00;0,00;;Oui
3189;;robinet hayt galaxy bared;qte;0,00;0,00;20,00;0,00;0,00;;Oui
3190;;colia 16 hdid;qte;0,00;0,00;20,00;0,00;0,00;;Oui
3191;;rogar 55*55;qte;0,00;0,00;20,00;0,00;0,00;;Oui
3192;;cola petit euro master;qte;0,00;0,00;20,00;0,00;0,00;;Oui
3193;;dibouche grand handiron;qte;0,00;0,00;20,00;0,00;0,00;;Oui
3194;;robinet equerre 1/2;qte;0,00;0,00;20,00;0,00;0,00;;Oui
3195;;robinet equerre 3/8;qte;0,00;0,00;20,00;0,00;0,00;;Oui
3196;;robinet equerre 3/4;qte;0,00;0,00;20,00;0,00;0,00;;Oui
3197;;douchita piano;qte;0,00;0,00;20,00;0,00;0,00;;Oui
3198;;mraya led 80*60 akchor;qte;0,00;0,00;20,00;0,00;0,00;;Oui
3199;;meuble mdf 60*46cm fes;qte;0,00;0,00;20,00;0,00;0,00;;Oui
3200;;coude 20 ppr gris;qte;0,00;0,00;20,00;0,00;0,00;;Oui
3201;;sika ceram 70m blanc 20kg;qte;0,00;0,00;20,00;0,00;0,00;;Oui
3202;;panel 7wt;qte;0,00;0,00;20,00;0,00;0,00;;Oui
3203;;mraya 011;qte;0,00;0,00;20,00;0,00;0,00;;Oui
3204;;mraya 024;qte;0,00;0,00;20,00;0,00;0,00;;Oui
3205;;mraya L 721;qte;0,00;0,00;20,00;0,00;0,00;;Oui
3206;;coffre magana carre grapa;qte;0,00;0,00;20,00;0,00;0,00;;Oui
3207;;panel app led 18wt;qte;0,00;0,00;20,00;0,00;0,00;;Oui
3208;;mftah+prise jade marron;qte;0,00;0,00;20,00;0,00;0,00;;Oui
3209;;heblo daw murcia;qte;0,00;0,00;20,00;0,00;0,00;;Oui
3210;;boite etanche grand ingelec;qte;0,00;0,00;20,00;0,00;0,00;;Oui
3211;;bola 4wt e-14;qte;0,00;0,00;20,00;0,00;0,00;;Oui
3212;;tembe sans fil ferri;qte;0,00;0,00;20,00;0,00;0,00;;Oui
3213;;sonet sans fil blanc ferri;qte;0,00;0,00;20,00;0,00;0,00;;Oui
3214;;sonet sans fil noir ferri;qte;0,00;0,00;20,00;0,00;0,00;;Oui
3215;;applique hayt ferri ifni bronz;qte;0,00;0,00;20,00;0,00;0,00;;Oui
3216;;applique hayt ferri ifni blanc;qte;0,00;0,00;20,00;0,00;0,00;;Oui
3217;;applique hayt ferri ifni noir;qte;0,00;0,00;20,00;0,00;0,00;;Oui
3218;;applique hayt ferri merzouga noir matte;qte;0,00;0,00;20,00;0,00;0,00;;Oui
3219;;transformador 12v etanche;qte;0,00;0,00;20,00;0,00;0,00;;Oui
3220;;fusible ingelec 32a;qte;0,00;0,00;20,00;0,00;0,00;;Oui
3221;;hdida hondicape;qte;0,00;0,00;20,00;0,00;0,00;;Oui
3222;;brocha 15 akro;qte;0,00;0,00;20,00;0,00;0,00;;Oui
3223;;brocha 18 akro;qte;0,00;0,00;20,00;0,00;0,00;;Oui
3224;;climatiseur euroview eu-9k;qte;0,00;0,00;20,00;0,00;0,00;;Oui
3225;;climatiseur starsat sa-s12;qte;0,00;0,00;20,00;0,00;0,00;;Oui
3226;;baf blothout brabus;qte;0,00;0,00;20,00;0,00;0,00;;Oui
3227;;les cose vert;qte;0,00;0,00;20,00;0,00;0,00;;Oui
3228;;les cose rouge;qte;0,00;0,00;20,00;0,00;0,00;;Oui
3229;;spota white bleu golden eyes petit b333;qte;0,00;0,00;20,00;0,00;0,00;;Oui
3230;;susponsion bronz;qte;0,00;0,00;20,00;0,00;0,00;;Oui
3231;;susponsion chrome;qte;0,00;0,00;20,00;0,00;0,00;;Oui
3232;;susponsion noir;qte;0,00;0,00;20,00;0,00;0,00;;Oui
3233;;laki gris 1kg;qte;0,00;0,00;20,00;0,00;0,00;;Oui
3234;;colonne doche noir dp29;qte;0,00;0,00;20,00;0,00;0,00;;Oui
3235;;colonne doche noir dp28;qte;0,00;0,00;20,00;0,00;0,00;;Oui
3236;;cadre spota carre pvc noir / blanc;qte;0,00;0,00;20,00;0,00;0,00;;Oui
3237;;susponsion doré+bronze;qte;0,00;0,00;20,00;0,00;0,00;;Oui
3238;;domino 16mm ingelec;qte;0,00;0,00;20,00;0,00;0,00;;Oui
3239;;tembre ingelec;qte;0,00;0,00;20,00;0,00;0,00;;Oui
3240;;boit 10*10 ingelec;qte;0,00;0,00;20,00;0,00;0,00;;Oui
3241;;boit 20*15 ingelec;qte;0,00;0,00;20,00;0,00;0,00;;Oui
3242;;boit 10*10 fousible zaje noir;qte;0,00;0,00;20,00;0,00;0,00;;Oui
3343version1;;bola 4g global;qte;0,00;0,00;20,00;0,00;0,00;;Oui
3244;;fousible grand 30a 9rtasa 380v;qte;0,00;0,00;20,00;0,00;0,00;;Oui
3245;;variateur simon;qte;0,00;0,00;20,00;0,00;0,00;;Oui
3246;;fousible 9rtasa 25a 220v;qte;0,00;0,00;20,00;0,00;0,00;;Oui
3247;;tobo reglet 60cm 3adia;qte;0,00;0,00;20,00;0,00;0,00;;Oui
3248;;tobo reglet 60cm ingelec;qte;0,00;0,00;20,00;0,00;0,00;;Oui
3249;;fiche femulle ingelec;qte;0,00;0,00;20,00;0,00;0,00;;Oui
3250;;fiche male ingelec;qte;0,00;0,00;20,00;0,00;0,00;;Oui
3251;;tobo 160 1ere pvc;qte;0,00;0,00;20,00;0,00;0,00;;Oui
3252;;nhas clima 1/4/3/8;qte;0,00;0,00;20,00;0,00;0,00;;Oui
3253;;brocha 9 akro;qte;0,00;0,00;20,00;0,00;0,00;;Oui
3254;;brocha 12 akro;qte;0,00;0,00;20,00;0,00;0,00;;Oui
3255;;mueble 60*46 monaco jami3 alwan;qte;0,00;0,00;20,00;0,00;0,00;;Oui
3256;;brocha 30 akro;qte;0,00;0,00;20,00;0,00;0,00;;Oui
3257;;brocha 36 akro;qte;0,00;0,00;20,00;0,00;0,00;;Oui
3258;;fayrouz 132;qte;0,00;0,00;20,00;0,00;0,00;;Oui
3259;;cable morsat 100mt;qte;0,00;0,00;20,00;0,00;0,00;;Oui
3260;;cable rkik;qte;0,00;0,00;20,00;0,00;0,00;;Oui
3261;;fiche male tv;qte;0,00;0,00;20,00;0,00;0,00;;Oui
3262;;cable hdmi 1mt;qte;0,00;0,00;20,00;0,00;0,00;;Oui
3263;;panel 9wt 3d;qte;0,00;0,00;20,00;0,00;0,00;;Oui
3264;;cola 30kg bmf;qte;0,00;0,00;20,00;0,00;0,00;;Oui
3265;;laki 5kg k-10 eurotex blanc;qte;0,00;0,00;20,00;0,00;0,00;;Oui
3266;;laki 5kg k-10 eurotex jeunne;qte;0,00;0,00;20,00;0,00;0,00;;Oui
3267;;laki 5kg indolak vert;qte;0,00;0,00;20,00;0,00;0,00;;Oui
3268;;laki 5kg indolak bleu;qte;0,00;0,00;20,00;0,00;0,00;;Oui
3269;;grjouta 16 orange 1ere;qte;0,00;0,00;20,00;0,00;0,00;;Oui
3270;;sabo zelije jmr;qte;0,00;0,00;20,00;0,00;0,00;;Oui
3271;;cadre spota carre blanc switch;qte;0,00;0,00;20,00;0,00;0,00;;Oui
3272;;selecona gris;qte;0,00;0,00;20,00;0,00;0,00;;Oui
3273;;selecona 1ere;qte;0,00;0,00;20,00;0,00;0,00;;Oui
3274;;cola flambo 5kg;qte;0,00;0,00;20,00;0,00;0,00;;Oui
3275;;vasque appose 60*43;qte;0,00;0,00;20,00;0,00;0,00;;Oui
3276;;cadre 3 jade noir;qte;0,00;0,00;20,00;0,00;0,00;;Oui
3277;;cadre 4 jade;qte;0,00;0,00;20,00;0,00;0,00;;Oui
3278;;grjouta 11 orange 1ere;qte;0,00;0,00;20,00;0,00;0,00;;Oui
3279;;grjouta 21 orange 1ere;qte;0,00;0,00;20,00;0,00;0,00;;Oui
3280;;projecteur led vegas 200w 6500k;qte;0,00;0,00;20,00;0,00;0,00;;Oui
3281;;tronsformador 12v/400wt;qte;0,00;0,00;20,00;0,00;0,00;;Oui
3282;;plus 2mm oscar;qte;0,00;0,00;20,00;0,00;0,00;;Oui
3283;;plus 3mm oscar;qte;0,00;0,00;20,00;0,00;0,00;;Oui
3284;;plus 5mm oscar;qte;0,00;0,00;20,00;0,00;0,00;;Oui
3285;;roca adel vertical;qte;0,00;0,00;20,00;0,00;0,00;;Oui
3286;;sakhan 6l gaz morsat;qte;0,00;0,00;20,00;0,00;0,00;;Oui
3287;;cadre spota led gold+noir;qte;0,00;0,00;20,00;0,00;0,00;;Oui
3288;;cadre 1p rose mill;qte;0,00;0,00;20,00;0,00;0,00;;Oui
3289;;cadre 2p rose mill;qte;0,00;0,00;20,00;0,00;0,00;;Oui
3290;;cadre 3p rose mill;qte;0,00;0,00;20,00;0,00;0,00;;Oui
3291;;cadre 4p rose mill;qte;0,00;0,00;20,00;0,00;0,00;;Oui
3292;;robinet cocina pulcana;qte;0,00;0,00;20,00;0,00;0,00;;Oui
3293;;van ppr 25;qte;0,00;0,00;20,00;0,00;0,00;;Oui
3294;;moncho 25 nhas;qte;0,00;0,00;20,00;0,00;0,00;;Oui
3295;;racor 40 f pulitine;qte;0,00;0,00;20,00;0,00;0,00;;Oui
3296;;brasadira pvc 200;qte;0,00;0,00;20,00;0,00;0,00;;Oui
3297;;tobo 40 pulitine;qte;0,00;0,00;20,00;0,00;0,00;;Oui
3298;;spot pvc cyclonic blanc;qte;0,00;0,00;20,00;0,00;0,00;;Oui
3299;;cordon 50cm/1mm;qte;0,00;0,00;20,00;0,00;0,00;;Oui
3300;;support camera 32cm code;qte;0,00;0,00;20,00;0,00;0,00;;Oui
3301;;spota top led 3p blanc+bleu;qte;0,00;0,00;20,00;0,00;0,00;;Oui
3302;;spota top led 3p blanc+jeunne;qte;0,00;0,00;20,00;0,00;0,00;;Oui
3303;;laki k10 5kg;qte;0,00;0,00;20,00;0,00;0,00;;Oui
3304;;cadre 1p gris noir mill;qte;0,00;0,00;20,00;0,00;0,00;;Oui
3305;;cadre 2p gris noir mill;qte;0,00;0,00;20,00;0,00;0,00;;Oui
3306;;cadre 3p gris noir mill;qte;0,00;0,00;20,00;0,00;0,00;;Oui
3307;;cadre 4p gris noir mill;qte;0,00;0,00;20,00;0,00;0,00;;Oui
3308;;prise 2p gris noir mill;qte;0,00;0,00;20,00;0,00;0,00;;Oui
3309;;prise 2p+t gris noir mill;qte;0,00;0,00;20,00;0,00;0,00;;Oui
3310;;mftah va vient gris noir mill;qte;0,00;0,00;20,00;0,00;0,00;;Oui
3311;;mftah dvv gris noir mill;qte;0,00;0,00;20,00;0,00;0,00;;Oui
3312;;mftah doble allumage gris noir mill;qte;0,00;0,00;20,00;0,00;0,00;;Oui
3313;;sort fil gris noir mill;qte;0,00;0,00;20,00;0,00;0,00;;Oui
3314;;Poussoir Rond Gris Noir Mill;qte;0,00;0,00;20,00;0,00;0,00;;Oui
3315;;mftah redo gris noir mill;qte;0,00;0,00;20,00;0,00;0,00;;Oui
3316;;prise rj45 gris noir mill;qte;0,00;0,00;20,00;0,00;0,00;;Oui
3317;;prise tv gris noir mill;qte;0,00;0,00;20,00;0,00;0,00;;Oui
3318;;mftah 3adi gris noir mill;qte;0,00;0,00;20,00;0,00;0,00;;Oui
3319;;dochita inox rond;qte;0,00;0,00;20,00;0,00;0,00;;Oui
3320;;rachacha / noir;qte;0,00;0,00;20,00;0,00;0,00;;Oui
3321;;rahacha / chrome;qte;0,00;0,00;20,00;0,00;0,00;;Oui
3322;;cofeet electrique etance 500*400*180 opaque version1;qte;0,00;0,00;20,00;0,00;0,00;;Oui
3323;;sifon doble rommy sans tranplent;qte;0,00;0,00;20,00;0,00;0,00;;Oui
3324;;bola spota gu10  4000k;qte;0,00;0,00;20,00;0,00;0,00;;Oui
3325;;bola spot guuu10  6500k;qte;0,00;0,00;20,00;0,00;0,00;;Oui
3326;;spota g,eyes wh,goldd;qte;0,00;0,00;20,00;0,00;0,00;;Oui
3327;;spota g,eyes wh,bleuu;qte;0,00;0,00;20,00;0,00;0,00;;Oui
3328;;spota g,eyes gold,beluu;qte;0,00;0,00;20,00;0,00;0,00;;Oui
3329;;spota g,eyes bleu,wh1;qte;0,00;0,00;20,00;0,00;0,00;;Oui
3330;;tasa spania susponde;qte;0,00;0,00;20,00;0,00;0,00;;Oui
3331;;facop 10kg 1ere;qte;0,00;0,00;20,00;0,00;0,00;;Oui
3332;;facop 10kg 2eme;qte;0,00;0,00;20,00;0,00;0,00;;Oui
3333;;spot led ferri 5wt blanc;qte;0,00;0,00;20,00;0,00;0,00;;Oui
3334;;cadre spot blanc ferri;qte;0,00;0,00;20,00;0,00;0,00;;Oui
3335;;cadre spot noir ferri;qte;0,00;0,00;20,00;0,00;0,00;;Oui
3336;;spot apparant ferri;qte;0,00;0,00;20,00;0,00;0,00;;Oui
3337;;spota top bleu+jaunne;qte;0,00;0,00;20,00;0,00;0,00;;Oui
3338;;baguet zlij mdahab;qte;0,00;0,00;20,00;0,00;0,00;;Oui
3339;;colon douch germano;qte;0,00;0,00;20,00;0,00;0,00;;Oui
3340;;spota g,eyes gold+pk 418;qte;0,00;0,00;20,00;0,00;0,00;;Oui
3341;;spota g,eyes gold+bleu 417;qte;0,00;0,00;20,00;0,00;0,00;;Oui
3342;;spota g,eyes gold+bleu 413;qte;0,00;0,00;20,00;0,00;0,00;;Oui
3343version2;;spota g,eyes gold+pk 415;qte;0,00;0,00;20,00;0,00;0,00;;Oui
3344;;spota g,eyes gold+bleu 416;qte;0,00;0,00;20,00;0,00;0,00;;Oui
3345;;spota g,eyes wh+bleu;qte;0,00;0,00;20,00;0,00;0,00;;Oui
3346;;spota g,eyes wh+bleu 416;qte;0,00;0,00;20,00;0,00;0,00;;Oui
3347;;cable tv rkik;qte;0,00;0,00;20,00;0,00;0,00;;Oui
3348;;bola topage 28wt;qte;0,00;0,00;20,00;0,00;0,00;;Oui
3349version2;;ferfara 100 british;qte;0,00;0,00;20,00;0,00;0,00;;Oui
3350;;ferfara 160 ferri;qte;0,00;0,00;20,00;0,00;0,00;;Oui
3351;;colone doche 0208;qte;0,00;0,00;20,00;0,00;0,00;;Oui
3352;;dejancteur dico 10a;qte;0,00;0,00;20,00;0,00;0,00;;Oui
3353;;dejancteur dico  16a;qte;0,00;0,00;20,00;0,00;0,00;;Oui
3354;;dejancteur dico  20a;qte;0,00;0,00;20,00;0,00;0,00;;Oui
3355;;dejancteur dico  25a;qte;0,00;0,00;20,00;0,00;0,00;;Oui
3356;;dejancteur dico  32a;qte;0,00;0,00;20,00;0,00;0,00;;Oui
3357;;dejancteur diff 25a;qte;0,00;0,00;20,00;0,00;0,00;;Oui
3358;;dejancteur diff 40a;qte;0,00;0,00;20,00;0,00;0,00;;Oui
3359;;racor 1°*3/4;qte;0,00;0,00;20,00;0,00;0,00;;Oui
3360;;armaflex 22,90;qte;0,00;0,00;20,00;0,00;0,00;;Oui
3361;;sifon 20*20 nhas inox;qte;0,00;0,00;20,00;0,00;0,00;;Oui
3362;;juego docha sanili;qte;0,00;0,00;20,00;0,00;0,00;;Oui
3363;;sakhan c800 cemsan;qte;0,00;0,00;20,00;0,00;0,00;;Oui
3364;;evier 50*40 toper;qte;0,00;0,00;20,00;0,00;0,00;;Oui
3365;;spota 201 wh+gd g,eyes;qte;0,00;0,00;20,00;0,00;0,00;;Oui
3366;;spota 201 byad+rgb g,eyes;qte;0,00;0,00;20,00;0,00;0,00;;Oui
3367;;spota 202 dahbi+rosa g,eyes;qte;0,00;0,00;20,00;0,00;0,00;;Oui
3368;;ras bola;qte;0,00;0,00;20,00;0,00;0,00;;Oui
3369;;loba zkrom kap dor;qte;0,00;0,00;20,00;0,00;0,00;;Oui
3370;;robinet cocina hayt mural paris;qte;0,00;0,00;20,00;0,00;0,00;;Oui
3371;;robinet lavabo paris;qte;0,00;0,00;20,00;0,00;0,00;;Oui
3372;;robinet docha paris;qte;0,00;0,00;20,00;0,00;0,00;;Oui
3373;;sifon 20*20 gris araolast;qte;0,00;0,00;20,00;0,00;0,00;;Oui
3374;;sifon plaqtique 15*15 ps araplast;qte;0,00;0,00;20,00;0,00;0,00;;Oui
3375;;sensla rachacha 120cm chrome bs-l017 wegaye;qte;0,00;0,00;20,00;0,00;0,00;;Oui
3376;;rogar plaqtique 40*40cm;qte;0,00;0,00;20,00;0,00;0,00;;Oui
3377;;rogar plastique 30*30cm;qte;0,00;0,00;20,00;0,00;0,00;;Oui
3378;;sifon lavabo 32 1/4 abp;qte;0,00;0,00;20,00;0,00;0,00;;Oui
3379;;sifon lavabo 40pm 1/2 abp;qte;0,00;0,00;20,00;0,00;0,00;;Oui
3380;;dochita b robinet 1,2m;qte;0,00;0,00;20,00;0,00;0,00;;Oui
3381;;alaka fota gold basta;qte;0,00;0,00;20,00;0,00;0,00;;Oui
3382;;alaka fota noir basta;qte;0,00;0,00;20,00;0,00;0,00;;Oui
3383;;coin alum 3 etg gold basta;qte;0,00;0,00;20,00;0,00;0,00;;Oui
3384;;coin alum 2 etg gold basta;qte;0,00;0,00;20,00;0,00;0,00;;Oui
3385;;coin alum 3 etg chrome basta;qte;0,00;0,00;20,00;0,00;0,00;;Oui
3386;;coin alum 2 etg chrome basta;qte;0,00;0,00;20,00;0,00;0,00;;Oui
3387;;vanne 1/2 vane m/f;qte;0,00;0,00;20,00;0,00;0,00;;Oui
3388;;reglet led 1,20m 72 wt;qte;0,00;0,00;20,00;0,00;0,00;;Oui
3389;;selom 3 darjat acier bleu;qte;0,00;0,00;20,00;0,00;0,00;;Oui
3390;;selom 4 darjat acier bleu;qte;0,00;0,00;20,00;0,00;0,00;;Oui
3391;;selom 5 darjat acier bleu;qte;0,00;0,00;20,00;0,00;0,00;;Oui
3392;;selom 6 darjat acier bleu;qte;0,00;0,00;20,00;0,00;0,00;;Oui
3393;;selom 7 darjat acier bleu;qte;0,00;0,00;20,00;0,00;0,00;;Oui
3394;;selom 8 darjat acier bleu;qte;0,00;0,00;20,00;0,00;0,00;;Oui
3395;;selom luxe gris/jaune 4 darjat;qte;0,00;0,00;20,00;0,00;0,00;;Oui
3396;;selom luxe gris/jaune 5 darjat;qte;0,00;0,00;20,00;0,00;0,00;;Oui
3397;;selom luxe gris/jaune 6 darjat;qte;0,00;0,00;20,00;0,00;0,00;;Oui
3398;;selom luxe gris/jaune 7 darjat;qte;0,00;0,00;20,00;0,00;0,00;;Oui
3399;;selom luxe gris/jaune 8 darjat;qte;0,00;0,00;20,00;0,00;0,00;;Oui
3400;;floteur rcm 3m;qte;0,00;0,00;20,00;0,00;0,00;;Oui
3401;;commutateur 2p;qte;0,00;0,00;20,00;0,00;0,00;;Oui
3402;;mueble pvc 50*26 blanc;qte;0,00;0,00;20,00;0,00;0,00;;Oui
3403;;mueuble pvc 50*26 chrom/gris;qte;0,00;0,00;20,00;0,00;0,00;;Oui
3404;;juego docha acitka transparant;qte;0,00;0,00;20,00;0,00;0,00;;Oui
3405;;juego docha acitka blanc;qte;0,00;0,00;20,00;0,00;0,00;;Oui
3406;;pestol jarda 3adi;qte;0,00;0,00;20,00;0,00;0,00;;Oui
3407;;pestol coma dlma nhas;qte;0,00;0,00;20,00;0,00;0,00;;Oui
3408;;moncho m/f 1/2 hdid;qte;0,00;0,00;20,00;0,00;0,00;;Oui
3409;;sifon 10*10 inox*;qte;0,00;0,00;20,00;0,00;0,00;;Oui
3410;;sifon code inox 10*10 topper **;qte;0,00;0,00;20,00;0,00;0,00;;Oui
3411;;sifon code 15*15 topper;qte;0,00;0,00;20,00;0,00;0,00;;Oui
3412;;dochita tableu complet;qte;0,00;0,00;20,00;0,00;0,00;;Oui
3413;;robinet cocina galy lox;qte;0,00;0,00;20,00;0,00;0,00;;Oui
3414;;pakia clips rkham 0,50;qte;0,00;0,00;20,00;0,00;0,00;;Oui
3415;;prise controul boston;qte;0,00;0,00;20,00;0,00;0,00;;Oui
3416;;ras paso 3/4 ppr;qte;0,00;0,00;20,00;0,00;0,00;;Oui
3417;;grjouta 40 chrome;qte;0,00;0,00;20,00;0,00;0,00;;Oui
3418;;goma jarda 18 transparant 50mt;qte;0,00;0,00;20,00;0,00;0,00;;Oui
3419;;flexible doucha 1,5m grey;qte;0,00;0,00;20,00;0,00;0,00;;Oui
3420;;tobo rwak docha 140*260;qte;0,00;0,00;20,00;0,00;0,00;;Oui
3421;;robinet docha galy lox;qte;0,00;0,00;20,00;0,00;0,00;;Oui
3422;;robinet lavabo galy lox;qte;0,00;0,00;20,00;0,00;0,00;;Oui
3423;;moncho f/f 1/2 hdid ee;qte;0,00;0,00;20,00;0,00;0,00;;Oui
3424;;moncho f/f 3/4 hdid ee;qte;0,00;0,00;20,00;0,00;0,00;;Oui
3425;;robinet jarda lessan rouge;qte;0,00;0,00;20,00;0,00;0,00;;Oui
3426;;robinet docha 40gr gramotto;qte;0,00;0,00;20,00;0,00;0,00;;Oui
3427;;robinet lavabo 40gr gramotto;qte;0,00;0,00;20,00;0,00;0,00;;Oui
3428;;robinet lavabo itato noir;qte;0,00;0,00;20,00;0,00;0,00;;Oui
3429;;robinet lavabo itato dore;qte;0,00;0,00;20,00;0,00;0,00;;Oui
3430;;dochita riano;qte;0,00;0,00;20,00;0,00;0,00;;Oui
3431;;sifon gold 15*15;qte;0,00;0,00;20,00;0,00;0,00;;Oui
3432;;sifon 15*15 black;qte;0,00;0,00;20,00;0,00;0,00;;Oui
3433;;ras robinet dalas;qte;0,00;0,00;20,00;0,00;0,00;;Oui
3434;;robinet cocina gramotto;qte;0,00;0,00;20,00;0,00;0,00;;Oui
3435;;evier 50*40 poli;qte;0,00;0,00;20,00;0,00;0,00;;Oui
3436;;colonne douche dp-20;qte;0,00;0,00;20,00;0,00;0,00;;Oui
3437;;colonne douche dp-22;qte;0,00;0,00;20,00;0,00;0,00;;Oui
3438;;les voyant 220v rohge/vert;qte;0,00;0,00;20,00;0,00;0,00;;Oui
3439;;relais termique toson;qte;0,00;0,00;20,00;0,00;0,00;;Oui
3440;;contacteuro toson 32;qte;0,00;0,00;20,00;0,00;0,00;;Oui
3441;;contacteur toson 25;qte;0,00;0,00;20,00;0,00;0,00;;Oui
3442;;relais de niveau chant;qte;0,00;0,00;20,00;0,00;0,00;;Oui
3443;;relais de phase chant;qte;0,00;0,00;20,00;0,00;0,00;;Oui
3444;;contacteur nxc-25 3p 380v;qte;0,00;0,00;20,00;0,00;0,00;;Oui
3445;;relais termique 25a;qte;0,00;0,00;20,00;0,00;0,00;;Oui
3446;;transformador ndk50va e220/380;qte;0,00;0,00;20,00;0,00;0,00;;Oui
3447;;transformador 100va e220/380;qte;0,00;0,00;20,00;0,00;0,00;;Oui
3448;;dejancteur diff 4p;qte;0,00;0,00;20,00;0,00;0,00;;Oui
3449;;dejancteur 32a;qte;0,00;0,00;20,00;0,00;0,00;;Oui
3450;;contacteur nxc-32 3p 220v/380v;qte;0,00;0,00;20,00;0,00;0,00;;Oui
3451;;contacteur 9a 220v;qte;0,00;0,00;20,00;0,00;0,00;;Oui
3452;;relais phase chnaider;qte;0,00;0,00;20,00;0,00;0,00;;Oui
3453;;relais termique chnaider 13a;qte;0,00;0,00;20,00;0,00;0,00;;Oui
3454;;evier 50*40 sanili sous plan;qte;0,00;0,00;20,00;0,00;0,00;;Oui
3455;;ralonge 4p osaka;qte;0,00;0,00;20,00;0,00;0,00;;Oui
3456;;ralonge 5p osaka;qte;0,00;0,00;20,00;0,00;0,00;;Oui
3457;;ralonge usb 5mt osaka;qte;0,00;0,00;20,00;0,00;0,00;;Oui
3458;;dochita carre kupp;qte;0,00;0,00;20,00;0,00;0,00;;Oui
3459;;bola rjb telecomande;qte;0,00;0,00;20,00;0,00;0,00;;Oui
3460;;robinet poussoir d hayt kupp;qte;0,00;0,00;20,00;0,00;0,00;;Oui
3461;;scotch d face grand;qte;0,00;0,00;20,00;0,00;0,00;;Oui
3462;;scotch alum version2;qte;0,00;0,00;20,00;0,00;0,00;;Oui
3463;;juego docha mdwar;qte;0,00;0,00;20,00;0,00;0,00;;Oui
3464;;juego docha inox carre;qte;0,00;0,00;20,00;0,00;0,00;;Oui
3465;;rachacha compleet;qte;0,00;0,00;20,00;0,00;0,00;;Oui
3466;;tornovis danko;qte;0,00;0,00;20,00;0,00;0,00;;Oui
3467;;tornovis sghir;qte;0,00;0,00;20,00;0,00;0,00;;Oui
3468;;tornovis kbir;qte;0,00;0,00;20,00;0,00;0,00;;Oui
3469;;bik cocina;qte;0,00;0,00;20,00;0,00;0,00;;Oui
3470;;tornovis tableau rouge petit;qte;0,00;0,00;20,00;0,00;0,00;;Oui
3471;;tornovis tableau rouge grand;qte;0,00;0,00;20,00;0,00;0,00;;Oui
3472;;cable rjb 5mt petit;qte;0,00;0,00;20,00;0,00;0,00;;Oui
3473;;serak daw avec interepteur;qte;0,00;0,00;20,00;0,00;0,00;;Oui
3474;;metro 3mt facom;qte;0,00;0,00;20,00;0,00;0,00;;Oui
3475;;metro 5mt facom;qte;0,00;0,00;20,00;0,00;0,00;;Oui
3476;;ralonge noir usb;qte;0,00;0,00;20,00;0,00;0,00;;Oui
3477;;cable rjb grand 5mt;qte;0,00;0,00;20,00;0,00;0,00;;Oui
3478;;lesak special 3adi;qte;0,00;0,00;20,00;0,00;0,00;;Oui
3479;;robinet kupp*;qte;0,00;0,00;20,00;0,00;0,00;;Oui
3480;;robinet kuppp;qte;0,00;0,00;20,00;0,00;0,00;;Oui
3481;;ralonge 3p osaka;qte;0,00;0,00;20,00;0,00;0,00;;Oui
3482;;robinet coiffeur gris/noir;qte;0,00;0,00;20,00;0,00;0,00;;Oui
3483;;robinet coiffeur chrome;qte;0,00;0,00;20,00;0,00;0,00;;Oui
3484;;robinet coiffeur noir;qte;0,00;0,00;20,00;0,00;0,00;;Oui
3485;;robinet daw;qte;0,00;0,00;20,00;0,00;0,00;;Oui
3486;;laki facop 5kg vert;qte;0,00;0,00;20,00;0,00;0,00;;Oui
3487;;laki facop 5kg gris claire;qte;0,00;0,00;20,00;0,00;0,00;;Oui
3488;;laki facop 5kg noirrr;qte;0,00;0,00;20,00;0,00;0,00;;Oui
3489;;bola led a60 11w 6500k ferri;qte;0,00;0,00;20,00;0,00;0,00;;Oui
3490;;panel encastre led rond 10w ajustable;qte;0,00;0,00;20,00;0,00;0,00;;Oui
3491;;panel encastre led rond 18w ajustable;qte;0,00;0,00;20,00;0,00;0,00;;Oui
3492;;panel encastre led rond 24w ajustable;qte;0,00;0,00;20,00;0,00;0,00;;Oui
3493;;suspension led hammer doree+lampe led gu10 7wt 4000k;qte;0,00;0,00;20,00;0,00;0,00;;Oui
3494;;suspension led hammer noir+lampe led gu10 7wt 4000k;qte;0,00;0,00;20,00;0,00;0,00;;Oui
3495;;suspension led hammer rose+lampe led gu10 7wt 4000k;qte;0,00;0,00;20,00;0,00;0,00;;Oui
3496;;grapa 7;qte;0,00;0,00;20,00;0,00;0,00;;Oui
3497;;tornovis plano+mericanoo;qte;0,00;0,00;20,00;0,00;0,00;;Oui
3498;;chache cable 10/10;qte;0,00;0,00;20,00;0,00;0,00;;Oui
3499;;stal sima grand;qte;0,00;0,00;20,00;0,00;0,00;;Oui
3500;;stal sima moyen;qte;0,00;0,00;20,00;0,00;0,00;;Oui
3501;;stal sima petit;qte;0,00;0,00;20,00;0,00;0,00;;Oui
3502;;paso 20 firat;qte;0,00;0,00;20,00;0,00;0,00;;Oui
3503;;tee 20 firat;qte;0,00;0,00;20,00;0,00;0,00;;Oui
3504;;code 20/1/2 firat;qte;0,00;0,00;20,00;0,00;0,00;;Oui
3505;;salto 20 kalde vert;qte;0,00;0,00;20,00;0,00;0,00;;Oui
3506;;dochita verona inox;qte;0,00;0,00;20,00;0,00;0,00;;Oui
3507;;robinet docha vitra;qte;0,00;0,00;20,00;0,00;0,00;;Oui
3508;;taemira rolo parki;qte;0,00;0,00;20,00;0,00;0,00;;Oui
3509;;chita petit;qte;0,00;0,00;20,00;0,00;0,00;;Oui
3510;;teflon sghir parki;qte;0,00;0,00;20,00;0,00;0,00;;Oui
3511;;bizagrat va et vient;qte;0,00;0,00;20,00;0,00;0,00;;Oui
3512;;loba 70 noir;qte;0,00;0,00;20,00;0,00;0,00;;Oui
3513;;scotch dobla face 5mt;qte;0,00;0,00;20,00;0,00;0,00;;Oui
3514;;sesaba panda;qte;0,00;0,00;20,00;0,00;0,00;;Oui
3515;;menchar twil d loh;qte;0,00;0,00;20,00;0,00;0,00;;Oui
3516;;megdii;qte;0,00;0,00;20,00;0,00;0,00;;Oui
3517;;robinet dari 20 bleu;qte;0,00;0,00;20,00;0,00;0,00;;Oui
3518;;loba 12 linke;qte;0,00;0,00;20,00;0,00;0,00;;Oui
3519;;loba d mjar linke;qte;0,00;0,00;20,00;0,00;0,00;;Oui
3520;;seka bolinchi franco;qte;0,00;0,00;20,00;0,00;0,00;;Oui
3521;;jave inglesa 10;qte;0,00;0,00;20,00;0,00;0,00;;Oui
3522;;mecanisme electrique doble;qte;0,00;0,00;20,00;0,00;0,00;;Oui
3523;;dochita encastre bared et skhoun chrome;qte;0,00;0,00;20,00;0,00;0,00;;Oui
3524;;dochita encastre bared et skhoun noir;qte;0,00;0,00;20,00;0,00;0,00;;Oui
3525;;port papier inox vesko;qte;0,00;0,00;20,00;0,00;0,00;;Oui
3526;;port servette inox vesko;qte;0,00;0,00;20,00;0,00;0,00;;Oui
3527;;distributeur de serviettes chrome;qte;0,00;0,00;20,00;0,00;0,00;;Oui
3528;;distributeur de serviettes dorre;qte;0,00;0,00;20,00;0,00;0,00;;Oui
3529;;etagier docha alum chrome 2 etage marena;qte;0,00;0,00;20,00;0,00;0,00;;Oui
3530;;poussoire lavabo ceramique blanc;qte;0,00;0,00;20,00;0,00;0,00;;Oui
3531;;rolo akro 22 version2;qte;0,00;0,00;20,00;0,00;0,00;;Oui
3532;;rediction 125*50*40;qte;0,00;0,00;20,00;0,00;0,00;;Oui
3533;;robinet ikeer 3/4 toper;qte;0,00;0,00;20,00;0,00;0,00;;Oui
3534;;robinet ikeer 3/8 toper;qte;0,00;0,00;20,00;0,00;0,00;;Oui
3535;;robinet ikeer 2/1 toper;qte;0,00;0,00;20,00;0,00;0,00;;Oui
3536;;selk lavabo;qte;0,00;0,00;20,00;0,00;0,00;;Oui
3537;;clor piscina;qte;0,00;0,00;20,00;0,00;0,00;;Oui
3538;;climatiseur mini dd5625;qte;0,00;0,00;20,00;0,00;0,00;;Oui
3539;;climatiseur mini dd5634;qte;0,00;0,00;20,00;0,00;0,00;;Oui
3540;;climatiseur gentle breeze;qte;0,00;0,00;20,00;0,00;0,00;;Oui
3541;;climatiseur square fan 8820;qte;0,00;0,00;20,00;0,00;0,00;;Oui
3542;;led 60w ferfara economic;qte;0,00;0,00;20,00;0,00;0,00;;Oui
3543;;support cam 32cm code;qte;0,00;0,00;20,00;0,00;0,00;;Oui
3544;;evier inox sous plan 50*40 sanili;qte;0,00;0,00;20,00;0,00;0,00;;Oui
3545;;hjare sakhan varta;qte;0,00;0,00;20,00;0,00;0,00;;Oui
3546;;colonne douche*;qte;0,00;0,00;20,00;0,00;0,00;;Oui
3547;;laki facop 5kg byat;qte;0,00;0,00;20,00;0,00;0,00;;Oui
3548;;transformador 12v 60wt;qte;0,00;0,00;20,00;0,00;0,00;;Oui
3549;;vasque apparant vilda;qte;0,00;0,00;20,00;0,00;0,00;;Oui
3550;;heblo oval 18wt ravolux;qte;0,00;0,00;20,00;0,00;0,00;;Oui
3551;;heblo oval 25wt ravolux;qte;0,00;0,00;20,00;0,00;0,00;;Oui
3552;;cadre spota noir ferri rond;qte;0,00;0,00;20,00;0,00;0,00;;Oui
3553;;cadre spota noir carre ferri;qte;0,00;0,00;20,00;0,00;0,00;;Oui
3554;;bola led a60 4wt e27 blanc;qte;0,00;0,00;20,00;0,00;0,00;;Oui
3555;;bola led 6wte14 blanc ferri;qte;0,00;0,00;20,00;0,00;0,00;;Oui
3556;;scotch petit noir k-win version2;qte;0,00;0,00;20,00;0,00;0,00;;Oui
3557;;bola led c35 4wt e14 3000k;qte;0,00;0,00;20,00;0,00;0,00;;Oui
3558;;bloc wc yveline noir;qte;0,00;0,00;20,00;0,00;0,00;;Oui
3559;;lavabo+colonne yveline noir;qte;0,00;0,00;20,00;0,00;0,00;;Oui
3560;;bidet yveline noir;qte;0,00;0,00;20,00;0,00;0,00;;Oui
3561;;losa 1,20*60 maroc multicerame;qte;0,00;0,00;20,00;0,00;0,00;;Oui
3562;;sifon 30 faenza;qte;0,00;0,00;20,00;0,00;0,00;;Oui
3563;;sifon 40 faenza;qte;0,00;0,00;20,00;0,00;0,00;;Oui
3564;;sifon 50 faenza;qte;0,00;0,00;20,00;0,00;0,00;;Oui
3565;;sifon 60 faenza;qte;0,00;0,00;20,00;0,00;0,00;;Oui
3566;;tobo 110 pvc dima tube;qte;0,00;0,00;20,00;0,00;0,00;;Oui
3567;;tobo 40 pvc dima tube;qte;0,00;0,00;20,00;0,00;0,00;;Oui
3568;;tobo 125 pvc dima tube;qte;0,00;0,00;20,00;0,00;0,00;;Oui
3569;;tobo 75 pvc dima tube;qte;0,00;0,00;20,00;0,00;0,00;;Oui
3570;;tobo 100 pvc dima tube;qte;0,00;0,00;20,00;0,00;0,00;;Oui
3571;;tobo 50 pvc dima tube;qte;0,00;0,00;20,00;0,00;0,00;;Oui
3572;;prise cache cable;qte;0,00;0,00;20,00;0,00;0,00;;Oui
3573;;rachacha pise noir ferri;qte;0,00;0,00;20,00;0,00;0,00;;Oui
3574;;vasque mdwar aveline blanc brillant vilda;qte;0,00;0,00;20,00;0,00;0,00;;Oui
3575;;projecteur solaire led  60 w 6500 k;qte;0,00;0,00;20,00;0,00;0,00;;Oui
3576;;projecteur solaire led 200 w 6500 k;qte;0,00;0,00;20,00;0,00;0,00;;Oui
3577;;projecteur solaire led floride 300 w 6500k;qte;0,00;0,00;20,00;0,00;0,00;;Oui
3578;;applique murale forio noire en ps;qte;0,00;0,00;20,00;0,00;0,00;;Oui
3579;;panel apparent led carre 18 w 6500 k blanc;qte;0,00;0,00;20,00;0,00;0,00;;Oui
3580;;cable d 10 interphone;qte;0,00;0,00;20,00;0,00;0,00;;Oui
3581;;mraya 70/70 noir  black timps;qte;0,00;0,00;20,00;0,00;0,00;;Oui
3582;;mraya 70*70gold;qte;0,00;0,00;20,00;0,00;0,00;;Oui
3583;;cable 6 interphone;qte;0,00;0,00;20,00;0,00;0,00;;Oui
3584;;support de prise cache cable;qte;0,00;0,00;20,00;0,00;0,00;;Oui
3585;;cache cable 60/40 ingelec;qte;0,00;0,00;20,00;0,00;0,00;;Oui
3586;;prise rj45 cache cable;qte;0,00;0,00;20,00;0,00;0,00;;Oui
3587;;flexible 3/8  1/4;qte;0,00;0,00;20,00;0,00;0,00;;Oui
3588;;flexible 4/2 1/4;qte;0,00;0,00;20,00;0,00;0,00;;Oui
3589;;rachachat doree;qte;0,00;0,00;20,00;0,00;0,00;;Oui
3590;;minuterie electronique;qte;0,00;0,00;20,00;0,00;0,00;;Oui
3591;;coude ppr vert 20 aquatro;qte;0,00;0,00;20,00;0,00;0,00;;Oui
3592;;coude ppr vert 20*1/2f fm aquatro;qte;0,00;0,00;20,00;0,00;0,00;;Oui
3593;;tee ppr vert 20 aquatro;qte;0,00;0,00;20,00;0,00;0,00;;Oui
3594;;tee ppr vert 20*1/2 fm aquatro;qte;0,00;0,00;20,00;0,00;0,00;;Oui
3595;;racor ppr vert 20*1/2 fm aquatro;qte;0,00;0,00;20,00;0,00;0,00;;Oui
3596;;manch ppr vert 20 aquatro;qte;0,00;0,00;20,00;0,00;0,00;;Oui
3597;;collier ppr vert 20 aquatro;qte;0,00;0,00;20,00;0,00;0,00;;Oui
3598;;tube ppr vert 20 aquatro;qte;0,00;0,00;20,00;0,00;0,00;;Oui
3599;;cadre 57 mill 3p;qte;0,00;0,00;20,00;0,00;0,00;;Oui
3600;;doko rmadi;qte;0,00;0,00;20,00;0,00;0,00;;Oui
3601;;rail projecteur 3m;qte;0,00;0,00;20,00;0,00;0,00;;Oui
3602;;mitogeur;qte;0,00;0,00;20,00;0,00;0,00;;Oui
3603;;mitigeur cuisine mural barcelone;qte;0,00;0,00;20,00;0,00;0,00;;Oui
3604;;mitigeur lavabo barcelone;qte;0,00;0,00;20,00;0,00;0,00;;Oui
3605;;mitigeur cuisine sur table barcelone;qte;0,00;0,00;20,00;0,00;0,00;;Oui
3606;;tacones 8 lap;qte;0,00;0,00;20,00;0,00;0,00;;Oui
3607;;lampe filament c35 flamme led 4w e14 3000k;qte;0,00;0,00;20,00;0,00;0,00;;Oui
3608;;hdd 1tb;qte;0,00;0,00;20,00;0,00;0,00;;Oui
3609;;lampe led 65w e27 6500k;qte;0,00;0,00;20,00;0,00;0,00;;Oui
3610;;boit 4ch wdlink;qte;0,00;0,00;20,00;0,00;0,00;;Oui
3611;;tassa yvelin wc sv;qte;0,00;0,00;20,00;0,00;0,00;;Oui
3612;;mitigeur surtable;qte;0,00;0,00;20,00;0,00;0,00;;Oui
3613;;robini cousina;qte;0,00;0,00;20,00;0,00;0,00;;Oui
3614;;collier de serrage en plastique noir 06;qte;0,00;0,00;20,00;0,00;0,00;;Oui
3615;;collier de serrage en plastique blanc05;qte;0,00;0,00;20,00;0,00;0,00;;Oui
3616;;collier de serrage en plastique noir cs-10;qte;0,00;0,00;20,00;0,00;0,00;;Oui
3617;;collier de serrage en plastique noi cs-12;qte;0,00;0,00;20,00;0,00;0,00;;Oui
3618;;panneau solaire mano 450w;qte;0,00;0,00;20,00;0,00;0,00;;Oui
3619;;panneau solaire mano 550w;qte;0,00;0,00;20,00;0,00;0,00;;Oui
3620;;weispret 1/4 sghera;qte;0,00;0,00;20,00;0,00;0,00;;Oui
3621;;dulio 5l;qte;0,00;0,00;20,00;0,00;0,00;;Oui
3622;;weispret 5l;qte;0,00;0,00;20,00;0,00;0,00;;Oui
3623;;sortfeel le grand;qte;0,00;0,00;20,00;0,00;0,00;;Oui
3624;;porte savon veskonoir 350 ml;qte;0,00;0,00;20,00;0,00;0,00;;Oui
3625;;siffon 15*15 de cour double couvert double;qte;0,00;0,00;20,00;0,00;0,00;;Oui
3626;;shattaf plus robinet encastrable carre d'ore garnie;qte;0,00;0,00;20,00;0,00;0,00;;Oui
3627;;cuvette enfant photo a-b-c-d;qte;0,00;0,00;20,00;0,00;0,00;;Oui
3628;;rallonge ressort turkma blanc;qte;0,00;0,00;20,00;0,00;0,00;;Oui
3629;;mecanisme poussoir avec cable versu;qte;0,00;0,00;20,00;0,00;0,00;;Oui
3630;;porte savon liquide noir;qte;0,00;0,00;20,00;0,00;0,00;;Oui
3631;;mitigeur cuisine surtable vesko serie grace;qte;0,00;0,00;20,00;0,00;0,00;;Oui
3632;;mitigeur lavabo vesko serie grace;qte;0,00;0,00;20,00;0,00;0,00;;Oui
3633;;mitigeur cuisine mural vesko serie grace;qte;0,00;0,00;20,00;0,00;0,00;;Oui
3634;;mitigeur baignoire vesko serie grace;qte;0,00;0,00;20,00;0,00;0,00;;Oui
3635;;spota top led blanc jaune;qte;0,00;0,00;20,00;0,00;0,00;;Oui
3636;;qant ducha twil;qte;0,00;0,00;20,00;0,00;0,00;;Oui
3637;;merfaae ducha;qte;0,00;0,00;20,00;0,00;0,00;;Oui
3638;;sakhan sanili 50;qte;0,00;0,00;20,00;0,00;0,00;;Oui
3639;;sakhan sanili 30;qte;0,00;0,00;20,00;0,00;0,00;;Oui
3640;;mécanisme growi;qte;0,00;0,00;20,00;0,00;0,00;;Oui
3641;;lavabo qache noir;qte;0,00;0,00;20,00;0,00;0,00;;Oui
3642;;fchfacha dri sgira;qte;0,00;0,00;20,00;0,00;0,00;;Oui
3643;;fchfacha dri kbira;qte;0,00;0,00;20,00;0,00;0,00;;Oui
3644;;meuble pvc 65cm 2 tiroirs star chrome;qte;0,00;0,00;20,00;0,00;0,00;;Oui
3645;;mueble pvc 65cm 2 tiroirs star blanc;qte;0,00;0,00;20,00;0,00;0,00;;Oui
3646;;hotte electrique en verre noir 60 cm;qte;0,00;0,00;20,00;0,00;0,00;;Oui
3647;;hotte+cheminee 60cm;qte;0,00;0,00;20,00;0,00;0,00;;Oui
3648;;table cuisson 4 feux encastrable inox;qte;0,00;0,00;20,00;0,00;0,00;;Oui
3649;;lossa sedissa;qte;0,00;0,00;20,00;0,00;0,00;;Oui
3650;;decor sedissa;qte;0,00;0,00;20,00;0,00;0,00;;Oui
3651;;poussoir a bascul lum aqua encastre gris;qte;0,00;0,00;20,00;0,00;0,00;;Oui
3652;;codos 15*15;qte;0,00;0,00;20,00;0,00;0,00;;Oui
3653;;spota bleu blanc top led;qte;0,00;0,00;20,00;0,00;0,00;;Oui
3654;;spota 3+3 rjb;qte;0,00;0,00;20,00;0,00;0,00;;Oui
3655;;cable led double 2000k 220v;qte;0,00;0,00;20,00;0,00;0,00;;Oui
3656;;cable led double 3000k 220v;qte;0,00;0,00;20,00;0,00;0,00;;Oui
3657;;cable led double 4000k 220v;qte;0,00;0,00;20,00;0,00;0,00;;Oui
3658;;cable led  silecone 2000k 220v 1p;qte;0,00;0,00;20,00;0,00;0,00;;Oui
3659;;cable led silecone 4000k 220v 1p;qte;0,00;0,00;20,00;0,00;0,00;;Oui
3660;;bola spota gu10 9w;qte;0,00;0,00;20,00;0,00;0,00;;Oui
3661;;liniche pm 2mm red;qte;0,00;0,00;20,00;0,00;0,00;;Oui
3662;;liniche pm 2mm pink;qte;0,00;0,00;20,00;0,00;0,00;;Oui
3663;;brasadirat 20 kromi;qte;0,00;0,00;20,00;0,00;0,00;;Oui
3664;;korjota 32;qte;0,00;0,00;20,00;0,00;0,00;;Oui
3665;;korjota 35/50;qte;0,00;0,00;20,00;0,00;0,00;;Oui
3666;;miquanizm rouca;qte;0,00;0,00;20,00;0,00;0,00;;Oui
3667;;robini grifo rachacha;qte;0,00;0,00;20,00;0,00;0,00;;Oui
3668;;sifon 20 nou9ri;qte;0,00;0,00;20,00;0,00;0,00;;Oui
3669;;sifon20 noir;qte;0,00;0,00;20,00;0,00;0,00;;Oui
3670;;sifon 20 gold;qte;0,00;0,00;20,00;0,00;0,00;;Oui
3671;;sifon 30 gold;qte;0,00;0,00;20,00;0,00;0,00;;Oui
3672;;mangirat;qte;0,00;0,00;20,00;0,00;0,00;;Oui
3673;;projecteur led vegas 300w 6500k;qte;0,00;0,00;20,00;0,00;0,00;;Oui
3674;;tube led 40w 6500k ferri1,2 mt;qte;0,00;0,00;20,00;0,00;0,00;;Oui
3675;;encastre  de sol galaxy+*lampe led du10 7w 3000k ip65;qte;0,00;0,00;20,00;0,00;0,00;;Oui
3676;;spot  marvel noir /dore mr16;qte;0,00;0,00;20,00;0,00;0,00;;Oui
3677;;spot rey noir mr16;qte;0,00;0,00;20,00;0,00;0,00;;Oui
3678;;spot cristo noir mr 16;qte;0,00;0,00;20,00;0,00;0,00;;Oui
3679;;combine douchette;qte;0,00;0,00;20,00;0,00;0,00;;Oui
3680;;mraya size 80*60cm ovel gold;qte;0,00;0,00;20,00;0,00;0,00;;Oui
3681;;mraya size  80*60 cm oval gold+ sa3a;qte;0,00;0,00;20,00;0,00;0,00;;Oui
3682;;mraya size 80*60cm noir mar;qte;0,00;0,00;20,00;0,00;0,00;;Oui
3683;;chauffe jonkir 80 L bosch;qte;0,00;0,00;20,00;0,00;0,00;;Oui
3684;;chauffe jonkir30L bosch;qte;0,00;0,00;20,00;0,00;0,00;;Oui
3685;;javi dipaso clemed doubli;qte;0,00;0,00;20,00;0,00;0,00;;Oui
3686;;SIFON 10/10;qte;0,00;0,00;20,00;0,00;0,00;;Oui
3687;;LAVABOU 60/45black pronto;qte;0,00;0,00;20,00;0,00;0,00;;Oui
3688;;mraya 70/70  noir bla sa3a;qte;0,00;0,00;20,00;0,00;0,00;;Oui
3689;;scoutch doubl fas 2MT/18MM;qte;0,00;0,00;20,00;0,00;0,00;;Oui
3690;;scoutch doubl fas 2MT/25MM;qte;0,00;0,00;20,00;0,00;0,00;;Oui
3691;;scoutch doublfas 5MT/25MM;qte;0,00;0,00;20,00;0,00;0,00;;Oui
3692;;cofeet electrique etance 500*400*170 opaque;qte;0,00;0,00;20,00;0,00;0,00;;Oui
3693;;cofeet electrique etance 500*400*180 opaque version2;qte;0,00;0,00;20,00;0,00;0,00;;Oui
3694;;cofrret electrique etanche600*800x260;qte;0,00;0,00;20,00;0,00;0,00;;Oui
3695;;profil aparent 16,8*14,3*12,6mm;qte;0,00;0,00;20,00;0,00;0,00;;Oui
3696;;profil aluminium encastrable led 16*10*8,5mm;qte;0,00;0,00;20,00;0,00;0,00;;Oui
3697;;lampe gu10 9w 6500k ferri;qte;0,00;0,00;20,00;0,00;0,00;;Oui
3698;;lampe gu10 9w 4000k ferri;qte;0,00;0,00;20,00;0,00;0,00;;Oui
3699;;spot poppy blanc 90mm reglable;qte;0,00;0,00;20,00;0,00;0,00;;Oui
3700;;disjoncteur uni+neutre 20a ingelec;qte;0,00;0,00;20,00;0,00;0,00;;Oui
3701;;disjoncteur uni+neutre 25a ingelec;qte;0,00;0,00;20,00;0,00;0,00;;Oui
3702;;bloc de secours led alaska noir 200lm 3w 6500k;qte;0,00;0,00;20,00;0,00;0,00;;Oui
3703;;transformateur ac 12v etanche150w;qte;0,00;0,00;20,00;0,00;0,00;;Oui
3704;;transformateur ac 12v etanche200w;qte;0,00;0,00;20,00;0,00;0,00;;Oui
3705;;applique murale led mizo noir 2*1w 4000k ip54;qte;0,00;0,00;20,00;0,00;0,00;;Oui
3706;;applique murale led mizo noir 4*1w 4000k ip54;qte;0,00;0,00;20,00;0,00;0,00;;Oui
3707;;applique murale led mizo noir 6*1w 4000k ip54;qte;0,00;0,00;20,00;0,00;0,00;;Oui
3708;;applique murale led mizo noir 8*1w 4000k ip54;qte;0,00;0,00;20,00;0,00;0,00;;Oui
3709;;applique murale led ono noir 4*1w 4000k ip54;qte;0,00;0,00;20,00;0,00;0,00;;Oui
3710;;douille ceramique e27 ferri;qte;0,00;0,00;20,00;0,00;0,00;;Oui
3711;;projicteur led vegas 200w 6500k;qte;0,00;0,00;20,00;0,00;0,00;;Oui
3712;;Mika Taghllif 2/50;qte;0,00;0,00;20,00;0,00;0,00;;Oui
3713;;coffret etectrique etanche 500x 600x220;qte;0,00;0,00;20,00;0,00;0,00;;Oui
3714;;la9at kbir ingco;qte;0,00;0,00;20,00;0,00;0,00;;Oui
3715;;korta tobo;qte;0,00;0,00;20,00;0,00;0,00;;Oui
3716;;fontoz petit ingco version1;qte;0,00;0,00;20,00;0,00;0,00;;Oui
3717;;kask dlwednin  ingco;qte;0,00;0,00;20,00;0,00;0,00;;Oui
3718;;la9at petit ingco;qte;0,00;0,00;20,00;0,00;0,00;;Oui
3719;;sakador ingco;qte;0,00;0,00;20,00;0,00;0,00;;Oui
3720;;mraya 60/70 gold;qte;0,00;0,00;20,00;0,00;0,00;;Oui
3721;;tondeur fix magana bota;qte;0,00;0,00;20,00;0,00;0,00;;Oui
3722;;tondeur reglage;qte;0,00;0,00;20,00;0,00;0,00;;Oui
3723;;magana bota riglage bloux;qte;0,00;0,00;20,00;0,00;0,00;;Oui
3724;;magana bota ficx ver;qte;0,00;0,00;20,00;0,00;0,00;;Oui
3725;;kampana 83/53;qte;0,00;0,00;20,00;0,00;0,00;;Oui
3726;;ras grifo sfar ROMETAP;qte;0,00;0,00;20,00;0,00;0,00;;Oui
3727;;BOLA SPOT MR16 BLNC 6500K;qte;0,00;0,00;20,00;0,00;0,00;;Oui
3728;;BOLA SPOT GU 10 6500K;qte;0,00;0,00;20,00;0,00;0,00;;Oui
3729;;hiblo rond 18w kromi;qte;0,00;0,00;20,00;0,00;0,00;;Oui
3730;;hiblo oval 18w kromi;qte;0,00;0,00;20,00;0,00;0,00;;Oui
3731;;lfiych lid wrliys 220v;qte;0,00;0,00;20,00;0,00;0,00;;Oui
3732;;reglet tobo vip 60cm;qte;0,00;0,00;20,00;0,00;0,00;;Oui
3733;;regley tobo vip 1,20cm;qte;0,00;0,00;20,00;0,00;0,00;;Oui
3734;;bola 3p blnc +joun e14;qte;0,00;0,00;20,00;0,00;0,00;;Oui
3735;;kach kabl  led brofil 220v 406 blonc;qte;0,00;0,00;20,00;0,00;0,00;;Oui
3736;;kach kabl  led brofil 220v 400 blonc;qte;0,00;0,00;20,00;0,00;0,00;;Oui
3737;;kach kabl  led brofil 220v 400 noir;qte;0,00;0,00;20,00;0,00;0,00;;Oui
3738;;kach kabl  led brofil 220v 385 blnc;qte;0,00;0,00;20,00;0,00;0,00;;Oui
3739;;kach kabl  led brofil 220v 385noir;qte;0,00;0,00;20,00;0,00;0,00;;Oui
3740;;bagita gold mzw9a;qte;0,00;0,00;20,00;0,00;0,00;;Oui
3741;;tassa wc kasabyte blanc;qte;0,00;0,00;20,00;0,00;0,00;;Oui
3742;;tassa odyseé yveline kharja mn taht;qte;0,00;0,00;20,00;0,00;0,00;;Oui
3743;;robinet lavabo malver mitijeur;qte;0,00;0,00;20,00;0,00;0,00;;Oui
3744;;sifon dnhas 15/15  floor drain;qte;0,00;0,00;20,00;0,00;0,00;;Oui
3745;;fontoz petit ingco version2;qte;0,00;0,00;20,00;0,00;0,00;;Oui
3746;;panele apparenet led rond 36w ajustable 6500k;qte;0,00;0,00;20,00;0,00;0,00;;Oui
3747;;panele apparent led carre 36w ajustable 6500k;qte;0,00;0,00;20,00;0,00;0,00;;Oui
3748;;panele encastre les carre 24w ajustable 6500k;qte;0,00;0,00;20,00;0,00;0,00;;Oui
3749;;panele apparenet led carre 24w 6500k;qte;0,00;0,00;20,00;0,00;0,00;;Oui
3750;;meuble inarara 60 oak;qte;0,00;0,00;20,00;0,00;0,00;;Oui
3751;;profil encastri 3mt;qte;0,00;0,00;20,00;0,00;0,00;;Oui
3752;;chauffe eau electrique slim smart 50l blanc ferrri;qte;0,00;0,00;20,00;0,00;0,00;;Oui
3753;;chauffe eau electrique slim smart 80l blanc ferrri;qte;0,00;0,00;20,00;0,00;0,00;;Oui
3754;;robinet equer double noir ware 1616e;qte;0,00;0,00;20,00;0,00;0,00;;Oui
3755;;spote top led;qte;0,00;0,00;20,00;0,00;0,00;;Oui
3756;;permutateur galaxy marron;qte;0,00;0,00;20,00;0,00;0,00;;Oui
3757;;barra 3mt cash cable prfil;qte;0,00;0,00;20,00;0,00;0,00;;Oui
3758;;manchon mf 1/2 court cuivre pm;qte;0,00;0,00;20,00;0,00;0,00;;Oui
3759;;spota top led versace;qte;0,00;0,00;20,00;0,00;0,00;;Oui
3760;;bedet serena  blanc;qte;0,00;0,00;20,00;0,00;0,00;;Oui
3761;;tasa serena noir;qte;0,00;0,00;20,00;0,00;0,00;;Oui
3762;;bedet serena noir;qte;0,00;0,00;20,00;0,00;0,00;;Oui
3763;;cadre spota zaj 4a-bl-wh;qte;0,00;0,00;20,00;0,00;0,00;;Oui
3764;;cadre spota zaj 4a-ww-wz;qte;0,00;0,00;20,00;0,00;0,00;;Oui
3765;;cadre spota zaj 4a-pink-wh;qte;0,00;0,00;20,00;0,00;0,00;;Oui
3766;;cadre spota plastique 31-ww-wh;qte;0,00;0,00;20,00;0,00;0,00;;Oui
3767;;cadre spota plastique 35-bl-wh;qte;0,00;0,00;20,00;0,00;0,00;;Oui
3768;;cadre spota plastique 33-bl-ww;qte;0,00;0,00;20,00;0,00;0,00;;Oui
3769;;dejancteur major;qte;0,00;0,00;20,00;0,00;0,00;;Oui
3770;;port cartouch kbir;qte;0,00;0,00;20,00;0,00;0,00;;Oui
3771;;skotch daw kbir brico;qte;0,00;0,00;20,00;0,00;0,00;;Oui
3772;;skoych daw sghir brico;qte;0,00;0,00;20,00;0,00;0,00;;Oui
3773;;fusiblee cartouch 380v;qte;0,00;0,00;20,00;0,00;0,00;;Oui
3774;;fusiblee cartouch 220v 32a;qte;0,00;0,00;20,00;0,00;0,00;;Oui
3775;;fibre class 45n;qte;0,00;0,00;20,00;0,00;0,00;;Oui
3776;;support douche mn;qte;0,00;0,00;20,00;0,00;0,00;;Oui
3777;;support douche gn;qte;0,00;0,00;20,00;0,00;0,00;;Oui
3778;;mejmar bota zaj;qte;0,00;0,00;20,00;0,00;0,00;;Oui
3779;;vide1;qte;0,00;0,00;20,00;0,00;0,00;;Oui
3800;;vide2;qte;0,00;0,00;20,00;0,00;0,00;;Oui
3801;;vide3;qte;0,00;0,00;20,00;0,00;0,00;;Oui
3802;;flixible 30cm;qte;0,00;0,00;20,00;0,00;0,00;;Oui
3803;;flixible 45cm;qte;0,00;0,00;20,00;0,00;0,00;;Oui
3804;;flixible junker;qte;0,00;0,00;20,00;0,00;0,00;;Oui
3805;;mejmar italy;qte;0,00;0,00;20,00;0,00;0,00;;Oui
3806;;prstp villant;qte;0,00;0,00;20,00;0,00;0,00;;Oui
3807;;bp junker 1 tete;qte;0,00;0,00;20,00;0,00;0,00;;Oui
3808;;plaka elcrw;qte;0,00;0,00;20,00;0,00;0,00;;Oui
3809;;ectro valbca;qte;0,00;0,00;20,00;0,00;0,00;;Oui
3810;;matic 1;qte;0,00;0,00;20,00;0,00;0,00;;Oui
3811;;matic 2;qte;0,00;0,00;20,00;0,00;0,00;;Oui
3812;;cover junker;qte;0,00;0,00;20,00;0,00;0,00;;Oui
3813;;mini grup junker;qte;0,00;0,00;20,00;0,00;0,00;;Oui
3814;;vide4;qte;0,00;0,00;20,00;0,00;0,00;;Oui
3815;;bup junker;qte;0,00;0,00;20,00;0,00;0,00;;Oui
3816;;switch junker;qte;0,00;0,00;20,00;0,00;0,00;;Oui
3817;;boite alumage;qte;0,00;0,00;20,00;0,00;0,00;;Oui
3818;;sifon 10*40;qte;0,00;0,00;20,00;0,00;0,00;;Oui
3819;;sifon 10*30;qte;0,00;0,00;20,00;0,00;0,00;;Oui
3820;;sifon 10*20;qte;0,00;0,00;20,00;0,00;0,00;;Oui
3821;;robinete lavabo bared;qte;0,00;0,00;20,00;0,00;0,00;;Oui
3822;;douchet bared;qte;0,00;0,00;20,00;0,00;0,00;;Oui
3823;;vide5;qte;0,00;0,00;20,00;0,00;0,00;;Oui
3824;;coulia 20;qte;0,00;0,00;20,00;0,00;0,00;;Oui
3825;;vide6;qte;0,00;0,00;20,00;0,00;0,00;;Oui
3826;;vide7;qte;0,00;0,00;20,00;0,00;0,00;;Oui
3827;;vide8;qte;0,00;0,00;20,00;0,00;0,00;;Oui
3829;;vide9;qte;0,00;0,00;20,00;0,00;0,00;;Oui
3830;;velis evo blanc 80l ariston;qte;0,00;0,00;20,00;0,00;0,00;;Oui
3831;;velis evo blanc 100l ariston;qte;0,00;0,00;20,00;0,00;0,00;;Oui
